lista_id,agrupacion_id,eleccion_id,nombre
0000,0183,3,""
0000,0521,4,""
3261,0137,5,LISTA UNIDAD - 2 U
3024,0501,1,LISTA 1 PRIMERO MI PROVINCIA C
3023,0501,1,LISTA 2 CELESTE Y BLANCA K
0000,0532,1,""
3025,0505,1,ENTENDIMIENTO POPULAR
3026,0505,1,SABEMOS Y PODEMOS
0000,0040,1,""
0000,0521,1,""
3067,0505,1,A-RENOVACION REPUBLICANA
3068,0505,1,B-CAPACIDAD Y GRANDEZA
0000,0002,1,""
3064,0187,1,LISTA B-BLANCA
3065,0187,1,LISTA C-COLOR ROJO
3066,0187,1,LISTA R-ROJA Y BLANCA
0000,0001,1,""
0000,0045,1,""
0000,0030,1,""
3101,0501,1,LISTA 2 CELESTE Y BLANCA K N 2
3100,0501,1,ISHII GOBERNADOR N 678
3106,0509,1,ES POSIBLE BS AS
0000,0199,1,""
3112,0137,1,CELESTE
3102,0505,1,FRENTE POPULAR GOBERNADOR
3103,0505,1,LISTA A
3104,0505,1,LISTA V
3109,0505,1,LISTA C
0000,0128,1,""
0000,0540,1,""
0000,0539,1,""
0000,0541,1,""
3071,0003,1,ALTERNATICA RADICAL
3105,0509,1,ES POSIBLE
3111,0137,1,BLANCO
3110,0505,1,LISTA D
0000,0000,2,""
0000,0135,2,""
0000,0134,2,""
0000,0220,2,""
0000,0231,2,""
0000,0222,2,""
0000,0250,2,""
0000,0236,2,""
0000,0251,2,""
0000,0254,2,""
0000,0255,2,""
0000,0227,2,""
0000,0302,2,""
0000,0623,2,""
0000,0625,2,""
0000,0036,2,""
0000,0601,2,""
0000,0616,2,""
0000,0617,2,""
0000,0023,2,""
0000,0608,2,""
0000,0622,2,""
0000,0256,2,""
0000,0243,2,""
0000,0055,2,""
0000,0260,2,""
0000,0266,2,""
0000,0603,2,""
0000,0178,2,""
0000,0005,2,""
0000,0003,2,""
0000,0610,2,""
0000,0242,2,""
0000,0040,2,""
0000,0252,2,""
0000,0225,2,""
0000,0604,2,""
0000,0611,2,""
0000,0176,2,""
0000,0038,2,""
0000,0158,2,""
0000,0619,2,""
0000,0626,2,""
0000,0050,2,""
0000,0069,2,""
0000,0060,2,""
0000,0151,2,""
0000,0186,2,""
0000,0257,2,""
0000,0014,2,""
0000,0185,2,""
0000,0606,2,""
0000,0068,2,""
0000,0150,2,""
0000,0168,2,""
0000,0061,2,""
0000,0615,2,""
0000,0211,2,""
0000,0621,2,""
0000,0620,2,""
0000,0609,2,""
0000,0008,2,""
0000,0614,2,""
0000,0063,2,""
0000,0177,2,""
0000,0612,2,""
0000,0183,2,""
0000,0174,2,""
0000,0605,2,""
0000,0613,2,""
0000,0181,2,""
0000,0052,2,""
0000,0091,2,""
0000,0001,2,""
0000,0022,2,""
0000,0602,2,""
0000,0092,2,""
0000,0802,2,""
0000,0803,2,""
0000,0804,2,""
0000,0002,2,""
0000,0188,2,""
0000,0154,2,""
0000,0187,2,""
0000,0801,2,""
0000,0180,2,""
0000,0701,2,""
0000,0702,2,""
0000,0703,2,""
0000,0184,2,""
0000,0182,2,""
0000,0719,2,""
0000,0720,2,""
0000,0641,2,""
0000,0632,2,""
0000,0247,2,""
0000,0253,2,""
0000,0248,2,""
0000,0249,2,""
0000,0153,2,""
0000,0012,2,""
0000,0246,2,""
0000,0244,2,""
0000,0245,2,""
0000,0228,2,""
0000,0258,2,""
0000,0229,2,""
0000,0234,2,""
0000,0235,2,""
0000,0261,2,""
0000,0230,2,""
0000,0221,2,""
0000,0232,2,""
0000,0233,2,""
0000,0237,2,""
0000,0238,2,""
0000,0239,2,""
0000,0240,2,""
0000,0241,2,""
0000,0259,2,""
0000,0224,2,""
0000,0223,2,""
0000,0226,2,""
3016,0504,3,ES POSIBLE - E
3019,0504,3,UNIR - U
0000,0505,3,""
3334,0507,3,LISTA CELESTE
3307,0510,3,CORRIENTE RENOVADORA - LISTA 1
0000,0511,3,""
3335,0513,3,UNION CON FE
3310,0514,3,UNIDAD PROGRESISTA - A
3313,0514,3,RENOVACION Y UNIDAD - NV
3323,0501,3,LISTA 2 - CELESTE Y BLANCA K
0000,0000,3,""
0000,0542,3,""
3103,0543,3,LISTA A: SOCIAL CRISTIANA
3104,0543,3,LISTA B:UNIDAD POR LA REPUBLICA
3105,0543,3,LISTA C: BOINA BLANCA
3106,0543,3,LISTA D: TUCUMAN PARA TODOS
0000,0132,2,""
0000,0037,1,""
0000,0047,1,""
0000,0057,1,""
0000,0131,1,""
0000,0132,1,""
0000,0133,1,""
0000,0134,1,""
0000,0135,1,""
0000,0136,1,""
0000,0137,1,""
0000,0000,1,""
3072,0509,1,LISTA A - OTRO PAIS ES POSIBLE
3073,0509,1,LISTA B - POR EL PAIS
3074,0509,1,LISTA C - UNIR
3075,0509,1,LISTA D - JUAN BAUTISTA ALBERDI
0000,0179,1,""
0000,0501,1,""
3001,0003,1,MOISES LEBENSOHN
3002,0003,1,MOV. DE AVANZADA RADICAL
3003,0003,1,R. A.
3004,0003,1,SOMOS LA CAUSA
0000,0064,1,""
0000,0154,1,""
0000,0188,1,""
0000,0174,1,""
0000,0185,1,""
0000,0060,1,""
0000,0194,1,""
3005,0003,1,JOSE I. GARCIA HAMILTON
3006,0003,1,HIPOLITO IRIGOYEN
0000,0192,1,""
0000,0184,1,""
0000,0510,1,""
0000,0190,1,""
0000,0517,1,""
0000,0302,1,""
0000,0508,1,""
0000,0518,1,""
0000,0036,1,""
0000,0276,1,""
0000,0268,1,""
0000,0267,1,""
0000,0272,1,""
0000,0023,1,""
0000,0536,1,""
0000,0504,1,""
0000,0168,1,""
3059,0003,1,LISTA ROJA Y BLANCA - INTEGRACION POPULAR
3060,0003,1,LISTA ROJA Y BLANCA - RENOVACION PROGRESISTA
0000,0061,1,""
3038,0504,1,CANTERA POPULAR
3039,0504,1,LOS CORRELIGIONARIOS PRIMERO
0000,0014,1,""
0000,0516,1,""
3037,0504,1,POR UN PAIS MEJOR
0000,0038,1,""
0000,0601,1,""
0000,0522,1,""
0000,0509,1,""
0000,0183,1,""
3046,0501,1,2-CELESTE Y BLANCA
3047,0501,1,ROJO PUNZO
3044,0003,1,A-ROJA Y BLANCA
3045,0003,1,B-MORENA PARA SAN LUIS
3009,0003,1,ROJA Y BLANCA
3010,0003,1,RENOVACION
3011,0003,1,ROJA - AMIGOS DEL PUEBLO
0000,0050,1,""
0000,0153,1,""
0000,0506,1,""
3017,0003,1,IDENTIDAD RADICAL - LISTA I
3018,0003,1,FUERZA RENOVADORA - LISTA M
3019,0003,1,ESPACIO ABIERTO - LISTA B
3020,0003,1,MORENA-ROJA Y BLANCA - LISTA A
3021,0003,1,INTRANSIGENCIA - LISTA R
0000,0511,1,""
0000,0503,1,""
3022,0003,1,DIPUTADOS AL CONGRESO - LISTA E
0000,0022,1,""
0000,0507,1,""
0000,0155,1,""
0000,0068,1,""
0000,0063,1,""
0000,0525,1,""
0000,0181,1,""
0000,0167,1,""
3042,0501,1,A-LISTA 2 CELESTE Y BLANCA K
3043,0501,1,B-LISTA AZUL PERONISMO CAUSA POPULAR
3041,0003,1,B-LISTA MILITANCIA COMPROMISO Y PARTICIPACION
3040,0003,1,A-LISTA ROJA Y BLANCA
0000,0193,1,""
0000,0158,1,""
0000,0003,1,""
0000,0177,1,""
0000,0198,1,""
0000,0505,1,""
3012,0003,1,P. A. S.
0000,0191,1,""
3035,0003,1,A 3.2-LISTA ROJA Y BLANCA COAL.PROGR.
0000,0008,1,""
3029,0513,1,RENOVACION Y CAMBIO
3030,0513,1,MOVIMIENTO RENOVADOR AMPLIO
3027,0513,1,JUNTOS POR LA PAMPA
3028,0513,1,INTEGRACION
3007,0520,1,UNIDAD
3008,0520,1,RAUL ALFONSIN
0000,0211,1,""
0000,0515,1,""
0000,0523,1,""
0000,0160,1,""
3034,0003,1,A 3.4-LISTA E- UN COMPROMISO RESPONSABLE
0000,0533,1,""
3031,0003,1,A 3.1-LISTA B-LI.DE.RA.
0000,0166,1,""
3032,0003,1,A 3.2-LISTA C- LEGISLAR POR LA VIDA
3033,0003,1,A 3.3-LISTA D-CONVICCION REPUBLICANA
0000,0526,1,""
0000,0530,1,""
0000,0176,1,""
0000,0033,1,""
3057,0504,1,LISTA F - UNA NUEVA ARGENTINA
3058,0504,1,LISTA G - CAMBIO REAL
3052,0504,1,LISTA A - COMPROMETIDOS CON LA GENTE
3053,0504,1,LISTA B - GANEMOS EL FUTURO
0000,0156,1,""
3054,0504,1,LISTA C - POR UN CHACO SEGURO Y PRODUCTIVO
3055,0504,1,LISTA D - POR LA LIBERTAD Y LA IGUALDAD
3056,0504,1,LISTA E - PROGRESO Y JUSTICIA
3062,0005,1,LISTA A-CATAMARCA POPULAR
3015,0003,1,"LISTA OPCION AL CAMBIO A"""""
3016,0003,1,"LISTA MOV. DE RECUPERACION CHUBUTENSES B"""""
0000,0157,1,""
3013,0151,1,"LISTA FRENTE POPULAR F"""""
3014,0151,1,"LISTA AFILIADOS DEL PICH P"""""
3063,0005,1,LISTA B-AZUL Y ROJA
0000,0537,1,""
3061,0502,1,LISTA D-MILITANCIA POPULAR
0000,0535,1,""
3069,0502,1,LISTA B-MILITANTES DE LA REPUBLICA ARGENTINA MI.RA
3070,0502,1,LISTA C-RENOVACION RADICAL POR CATAMARCA
0000,0196,1,""
3036,0003,1,B 3.1-MOV. POR LA DEMOCRACIA SOCIAL
0000,0186,1,""
0000,0005,1,""
0000,0065,1,""
0000,0152,1,""
0000,0133,2,""
0000,0137,2,""
0000,0160,2,""
0000,0047,2,""
0000,0131,2,""
3107,0543,3,LISTA E: MARIO ABEL AMAYA
3108,0543,3,LISTA F: ARTURO ILLIA
3109,0543,3,LISTA G: FORO AMPLIO PROGRESISTA (FAP)
0000,0060,3,""
0000,0064,3,""
0000,0181,3,""
0000,0185,3,""
0000,0186,3,""
0000,0188,3,""
3101,0501,3,LISTA N.1 CELESTE Y BLANCA K
3102,0501,3,LISTA N.2 AMARILLA MUP
0000,0272,3,""
0000,0276,3,""
3017,0504,3,ES POSIBLE BUENOS AIRES - P
3018,0504,3,JUSTICIA Y DIGNIDAD - M
0000,0061,3,""
0000,0164,3,""
0000,0501,3,""
0000,0504,3,""
0000,0548,3,""
0000,0549,3,""
3059,0003,3,LISTA A  PARTICIPACION Y PROPUESTA
3060,0003,3,LISTA B  ALTERNATIVA Y DIGNIDAD PARTIDARIA
0000,0008,3,""
0000,0038,3,""
3137,0527,3,COMPROMISO POR EL FUTURO
3138,0527,3,ES AHORA
3139,0527,3,IDENTIDAD Y COMPROMISO
3061,0528,3,LISTA  A  COALICION CIVICA ARI
3062,0528,3,LISTA  B  FRENTE AMPLIO PROGRESISTA
3297,0504,3,LISTA 22 - PERONIS. PARTICIP.
3298,0504,3,LISTA 60 - ATENEO GRAL. PEDERN.
3299,0504,3,LISTA 102 - CELESTE UNID. PEDER
3300,0504,3,LISTA 103
3301,0504,3,LISTA 104
3302,0504,3,LISTA 312 - JOSE IGNACIO RUCCI
3142,0514,3,RENOVACION Y UNIDAD
3145,0514,3,UNEN SAN LUIS
3213,0514,3,CANTERA UNIDA
3264,0514,3,RENOVACION JUNTOS POR EL CAMBIO
3303,0514,3,COALICION SUR
3304,0514,3,UNIDAD SOCIALISTA
3283,0150,3,LISTA AZUL
3252,0159,3,LISTA A
3253,0159,3,LISTA B
3254,0159,3,LISTA C
3255,0159,3,LISTA D
3256,0159,3,LISTA E
3257,0159,3,LISTA F
3258,0159,3,LISTA G
3259,0159,3,LISTA H
3284,0160,3,LISTA 1
3305,0161,3,LISTA A
3211,0501,3,KOLINA
3260,0501,3,AGRUPACION MILES
3262,0501,3,MAS SAN LUIS
3263,0501,3,UNIDOS Y ORGANIZADOS
0000,0324,3,""
0000,0514,3,""
0000,0540,3,""
0000,0541,3,""
0000,0550,3,""
0000,0068,3,""
0000,0187,3,""
0000,0234,3,""
3001,0262,3,LISTA A - SEGURIDAD Y JUSTICIA PARA TODOS
3002,0262,3,LISTA B - REAFIRMACION
3003,0262,3,LISTA C - RECUPERACION DEMOCRATICA
3004,0262,3,LISTA D - RENOVACION
0000,0325,3,""
3005,0502,3,LISTA JUNTOS
3006,0502,3,LISTA SUMA MAS
3007,0502,3,LISTA COALICION SUR
3008,0502,3,LISTA PRESIDENTE ILLIA
0000,0503,3,""
3009,0504,3,SIGLO 21 LETRA -A
0000,0506,3,""
3110,0002,3,LISTA  UNIDOS POR EL PROGRESO Y EL DESARROLLO  - LETRA  A
3111,0002,3,LISTA  UNIDAD PERONISTA  - LETRA  B
3113,0003,3,LISTA  FUERZA Y COMPROMISO RADICAL  - LETRA  A
3115,0003,3,LISTA  VALORES Y FUTURO  - LETRA  C
0000,0158,3,""
0000,0174,3,""
0000,0199,3,""
0000,0544,3,""
3148,0501,3,LISTA L - FRENTE MILITANTE PERONISTA
3149,0501,3,LISTA M - LA AUTENTICA MILITANCIA
3150,0501,3,LISTA P - AGRUPACION PERONISTA SOLIDARIDAD
3151,0501,3,LISTA Z - AGRUPACION 27 DE OCTUBRE
0000,0518,3,""
3123,0519,3,LISTA A - UNIDAD
3124,0519,3,LISTA B - SOMOS PARTE
0000,0014,3,""
0000,0179,3,""
0000,0182,3,""
0000,0218,3,""
3118,0501,3,LISTA K - 17 DE OCTUBRE
3119,0501,3,LISTA B - JUAN DOMINGO CHACO
3120,0501,3,LISTA H - MODELO ARGENTINO
3121,0501,3,LISTA V - RAZON DE VIDA EVITA
3122,0501,3,LISTA C - UNIDAD Y LEALTAD
3147,0501,3,LISTA F - JOSE HERNANDEZ
3010,0504,3,LISTA -A- UNO DE NOSOTROS
3011,0504,3,LISTA B - ACUERDO PATRIOTICO
3012,0504,3,LISTA C - UPAU UNION PARA UNA ARGENTINA UNIDA
3013,0504,3,LISTA D - TODOS UNIDOS
3014,0504,3,LISTA E - UNIDOS ES MEJOR
3015,0504,3,LISTA F - REFUNDACION DEMOCRATA CRISTIANA
3288,0162,3,LISTA VECINALISTAS DE PIE
3279,0504,3,LISTA 211
3280,0504,3,LISTA 222
3306,0504,3,LISTA 212 - UNIDOS POR SAN MARTIN
3205,0501,3,FRENTE PARA LA VICTORIA
3200,0504,3,COMPROMISO AYACUCHO
3201,0504,3,INCLUSION + COMPROMISO
3202,0504,3,LISTA 14
3203,0504,3,NUEVOS AYACUCHO
3199,0514,3,CAUSA POPULAR
3209,0504,3,LISTA 217 - UNIDOS POR BELGRANO
3284,0504,3,LISTA 1
3210,0514,3,UNIDOS POR BELGRANO
3063,0003,3,POR MISIONES
3064,0003,3,ALTERNATIVA RADICAL
0000,0050,3,""
3066,0501,3,LISTA LA FUERZA DE LA JUVENTUD
3067,0501,3,LISTA CELESTE Y BLANCA LETRA K
0000,0529,3,""
3069,0531,3,LISTA UNIDOS POR LA JUSTICIA Y A DIGNIDAD
3070,0531,3,LISTA CAMIONEROS CON LA GENTE
3071,0531,3,LISTA CULTURA DE TRABAJO
0000,0023,3,""
0000,0040,3,""
3072,0153,3,LETRA A LISTA AZUL
3073,0153,3,LETRA B LISTA AZUL Y BLANCA
0000,0166,3,""
3074,0501,3,LISTA 2 COLOR CELESTE Y BLANCA K
3075,0501,3,AMARILLO LETRA E
3076,0532,3,ELEGI CORAJE Y TRANSPARENCIA
3077,0532,3,COMPROMISO CON NEUQUEN
0000,0533,3,""
3112,0002,3,LISTA  DESCAMISADOS  - LETRA  C
3114,0003,3,LISTA  ANA CACHIN PRESENTE  - LETRA  B
0000,0069,3,""
0000,0201,3,""
3308,0510,3,CONCERTACION PLURAL - LISTA 2
3331,0514,3,RENOVACION - MK
0000,0364,3,""
3116,0508,3,LIBERTAD PAZ Y COMPROMISO POR CATAMARCA
3117,0508,3,ALTERNATIVA PROGRESISTA
0000,0509,3,""
3078,0003,3,LISTA ROJO MAS ROJO A
3079,0003,3,LISTA ROJA Y BLANCA B
3080,0003,3,LISTA BLANCA MAS BLANCA C
3081,0154,3,RECUPERACION FEDERAL LISTA NARANJA 151 A
3082,0154,3,LISTA 151 B
0000,0534,3,""
3020,0003,3,IDENTIDAD RADICAL - LETRA I
3021,0003,3,INTEGRACION PARA UNA CONFLUENCIA RADICAL - LETRA A
3022,0003,3,CAMBIO RADICAL - LETRA C
0000,0047,3,""
0000,0063,3,""
0000,0191,3,""
3023,0217,3,DEMOCRACIA EN LIBERTAD - LETRA B
3024,0217,3,GENTE NUEVA - LETRA A
3025,0217,3,REFUNDACION POPULAR - LETRA R
3026,0512,3,MOVIMIENTO DE UNIDAD PERONISTA - LETRA S
3027,0512,3,FRENTE RENOVADOR - LETRA M
0000,0003,3,""
3128,0501,3,FRENTE JUSTICIALISTA PARA LA VICTORIA
3129,0501,3,BASTA
0000,0545,3,""
3125,0546,3,LISTA A - UNIDAD PROGRESISTA
3126,0546,3,LISTA B - NO A LA RE-RE-ELECCION
3127,0546,3,LISTA C - PASO AL FRENTE
3084,0002,3,LISTA:  EL CAMBIO SOMOS NOSOTROS  - LETRA:  B
3085,0002,3,LISTA:  LEALTAD 17 DE OCTUBRE - LETRA:  C
0000,0054,3,""
0000,0155,3,""
0000,0200,3,""
0000,0203,3,""
0000,0216,3,""
0000,0535,3,""
0000,0536,3,""
0000,0156,3,""
0000,0168,3,""
3090,0504,3,LISTA ACTUAR UNIDOS POR SAN JUAN
3091,0504,3,LISTA SEGURIDAD Y JUSTICIA
3092,0504,3,LISTA UNIDAD
3093,0504,3,LISTA AZUL Y BLANCA
3094,0504,3,LISTA UNIDOS POR ARGENTINA
3088,0537,3,LISTA IZQUIERDA ROJA Y VERDE
3089,0537,3,LISTA DEL TRABAJO Y DEL PUEBLO
3286,0501,3,CELESTE Y BLANCA K
3140,0504,3,SAN LUIS UNIDAD
3141,0504,3,LLAMANDO A LAS BASES
3143,0514,3,GEN T DEL SOCIALISMO
3144,0514,3,COMPROMISO REPUBLICANO
3096,0002,3,FUERZA SANTA CRUZ
3097,0002,3,EVA PERON
3098,0002,3,LEALTAD Y MILITANCIA
3099,0538,3,LISTA  JUNTOS POR EL CAMBIO
3100,0538,3,LISTA  PROYECTO ALTERNATIVO
0000,0180,3,""
3135,0514,3,CAUCE
3136,0514,3,SANTA FE AVANZA
3132,0539,3,JOVENES EN MARCHA
3133,0539,3,UNIDOS PARA CAMBIAR
3134,0539,3,UNION POR LA LIBERTAD Y EL TRABAJO
0000,0547,3,""
3030,0501,3,LISTA 2 CELESTE Y BLANCA LETRA K
3031,0501,3,LISTA  PRIMERO MI PROVINCIA - CORRIENTES CRECE  N. 1
3032,0501,3,LISTA AZUL Y BLANCA 11 DE MARZO
0000,0515,3,""
0000,0516,3,""
3033,0517,3,LISTA VERDE
3034,0517,3,LISTA B  NUEVA GENERACION
3035,0517,3,LISTA ELI
3036,0517,3,LISTA  UNIDOS POR EL CAMBIO  LETRA  D
3037,0517,3,LISTA FRENTE AMPLIO PROGRESISTA LETRA  E
3038,0517,3,LISTA  COALICION POR LA REPUBLICA  F
3086,0501,3,LISTA:  CELESTE Y BLANCA  - LETRA  A
3087,0501,3,LISTA:  NACIONAL Y POPULAR  - LETRA:  B
3039,0003,3,CAMBIO RADICAL CHUBUTENSE A
3040,0003,3,COMPROMISO CHUBUTENSE B
3041,0003,3,FRENTE CHUBUT PRODUCTIVO C
3042,0003,3,FRENTE RADICAL AMAYA CHUBUT D
0000,0151,3,""
0000,0152,3,""
0000,0157,3,""
3043,0501,3,LISTA K NESTOR KIRCHNER
3044,0501,3,LISTA A MUCHOS
3045,0501,3,LISTA B 15 DE ABRIL
0000,0520,3,""
3130,0521,3,UNIDAD FORMOSEÑA
3131,0521,3,NUEVA INICIATIVA
0000,0208,3,""
0000,0522,3,""
0000,0523,3,""
0000,0524,3,""
3046,0002,3,A- UNIDAD PERONISTA
3047,0002,3,B- COMPROMISO PERONISTA
3048,0002,3,C- PAMPEANOS Y PERONISTAS
3049,0002,3,J- JTP
3050,0002,3,K- NEP
3051,0002,3,M- FRENTE RENOVADOR
3052,0002,3,O- GENERACION PARA EL CAMBIO
3053,0002,3,P- 4 DE JUNIO
0000,0022,3,""
0000,0184,3,""
0000,0190,3,""
3054,0525,3,A- ADELANTE
3055,0525,3,B- POR MAS!!!
3056,0525,3,C- SI AL CAMBIO
3057,0525,3,D- LA GLORIOSA LISTA TRES
3058,0525,3,T- JUNTOS POR LA PAMPA
0000,0526,3,""
3320,0514,3,RENOVACION PROGRESISTA - PA
3353,0514,3,COALICION CIVICA - F
3392,0514,3,TODOS POR ECHEVARRIA - Q
0000,0339,3,""
3324,0501,3,LISTA 4 - CELESTE Y BLANCA K
3387,0514,3,UNIDOS POR MAS BERAZATEGUI - HL
3388,0514,3,TODOS POR BERAZATEGUI - NH
3389,0514,3,UNION PARA LA GENTE - LC
3337,0504,3,UNIDAD ES POSIBLE
3336,0514,3,HONESTIDAD Y COMPROMISO SOCIAL - C
3338,0514,3,SOLO HAY HAY CAMBIO SI QUERES - JQ
3339,0514,3,SAN MARTIN HONESTIDAD Y TRABAJO - GL
3340,0514,3,RESISTENCIA MILITANTE - MY
0000,0337,3,""
0000,0373,3,""
3401,0501,3,LISTA 6 - CELESTE Y BLANCA K
3404,0501,3,LISTA 8 - CELESTE Y BLANCA K
3452,0501,3,LISTA 9 - CELESTE Y BLANCA K
3448,0514,3,INTEGRACION - JP
3449,0514,3,PROPUESTA MARPLATENSE - JT
3450,0514,3,PARTICIPACION PROGRESISTA - ME
0000,0331,3,""
0000,0333,3,""
0000,0347,3,""
3375,0514,3,FE-FUTURO EXALTACION - R
3376,0514,3,UNION PROGRESISTA EXALTACION - GW
0000,0361,3,""
3393,0514,3,TODOS POR VARELA - Z
3394,0514,3,CONSULTA Y ACCION - MN
3395,0514,3,ENCUENTRO PROGRESISTA EN F VARELA - JO
3396,0514,3,CAMBIO PROGRESISTA - NX
3289,0159,3,LISTA 803
3287,0163,3,LISTA UNICA
3220,0504,3,INCLUSION Y PROGRESO
3221,0504,3,UNIDOS POR SAN LUIS
3222,0504,3,COMPROMISO PARA EL CAMBIO
3223,0504,3,INTEGRACION ECONOMICA Y SOCIAL
3224,0504,3,AGRUPACION SANTOS ORTIZ
3225,0504,3,SAN LUIS REVOLUCION
3226,0504,3,PERONISMO DE PIE
3285,0504,3,LISTA 3 - DESARROLLO UNIDO
3231,0514,3,COMPROMISO POR EL CAMBIO
3282,0514,3,COMPROMISO PUNTANO
3342,0349,3,LINEA BLANCA Y CELESTE - 4
3327,0514,3,TRANSPARENCIA SOLIDARIDAD Y PARTICIPACION - B
3436,0514,3,UNIDAD PROGRESISTA BOLIVAR - JC
3437,0514,3,PROGRESISMO BOLIVAR - GH
3438,0514,3,ACUERDO CIVICO PROGRESISTA - HJ
3296,0501,3,UNIDOS Y ORGANIZ. PRINGLES
3290,0504,3,LISTA 6
3291,0504,3,LISTA 10 - PARTIDO MOV PUNTANO
3292,0504,3,LISTA 16 - RESISTENCIA PERONISTA
3293,0504,3,LISTA 33 - UNIDAD Y L. PERONISTA
3294,0504,3,LISTA 209 - JUNTOS POR PRINGL.
3295,0504,3,LISTA 210 - PRING. POR EL CAMBIO
3414,0514,3,CONSTRUCCION BRAGADENSE - O
3415,0514,3,UNION PROGRESISTA BRAGADO - MC
3239,0501,3,LISTA CAMPO
3240,0501,3,LISTA NUEVA DIRIGENCIA
3232,0504,3,AGRUPACION LA RODRIGUEZ SAA
3234,0504,3,JUSTICIA SOCIAL
3235,0504,3,LISTA 214
3237,0504,3,SINFONIA DE UN SENTIMIENTO
3242,0514,3,RENOVACION Y CAMBIO
3207,0504,3,JUNTOS POR BELGRANO
3216,0504,3,JUNTOS X DUPUY
3325,0514,3,MAS ADOLFO ALSINA - MD
3326,0514,3,PROGRESISMO Y HONESTIDAD - S
3311,0514,3,GENTE EN QUIEN CONFIAR - D
3321,0514,3,ROJO Y BLANCO - GC
3316,0514,3,PROGRESISMO BROWN-X
3317,0514,3,SOCIALISMO Y PARTICIPACION - GG
3318,0514,3,TODOS POR ALMIRANTE BROWN - NP
3319,0514,3,RENOVACION Y CAMBIO PROGRESISTA - MS
3390,0514,3,BRANDSEN PROGRESISTA - HA
3309,0510,3,LINEA POPULAR - LISTA 3
3312,0514,3,ACUERDO BASES - LISTA JA
3329,0514,3,UNION PROGRESISTA - J
3330,0514,3,INTEGRACION PROGRESISTA LA PLATA - GU
3332,0348,3,PATRIA GRANDE
3333,0348,3,UNION DEL PUEBLO
3370,0514,3,UNION PROGRESISTA C. SARMIENTO - HR
0000,0360,3,""
3371,0514,3,UNION PROGRESISTA CARMEN DE ARECO - NH
3372,0514,3,FIDELIDAD IDEOLOGICA - GS
3373,0514,3,UN FUTURO PARA COLON - JB
3374,0514,3,RECONSTRUCCION - JV
0000,0352,3,""
3459,0514,3,FRENTE PROGRESISTA DORREGUENSE - GV
0000,0340,3,""
3460,0514,3,UNION POR PRINGLES 2013 - HV
3461,0514,3,LINEA PRINGLES - HF
3463,0351,3,LISTA BLANCA - A
3464,0351,3,ABRIL 19 - B
3462,0514,3,UNION PROGRESISTA CORONEL ROSALES - GI
3348,0507,3,LISTA BLANCA
3349,0514,3,INTEGRACION SOCIAL - NR
0000,0356,3,""
3350,0514,3,UNION PROGRESISTA DE MERLO - HM
0000,0345,3,""
3347,0510,3,RENOVACION PROVINCIAL LISTA - 4
0000,0369,3,""
3465,0514,3,UNION PARA LA ACCION - GP
3399,0514,3,PROGRESISTAS DE LANUS - P17
3416,0514,3,MAS DEMOCRACIA - LF
3417,0514,3,TODOS POR CHACABUCO - HP
0000,0370,3,""
3446,0514,3,RUPA - T
3341,0349,3,LINEA AZUL - 9
3343,0349,3,LINEA BLANCA Y AZUL - 8
3344,0513,3,UNION CON FE - 01 - A
3345,0513,3,UCF01SMI 02 - B
3346,0514,3,PARTICIPACION Y TRANSPARENCIA - H
3386,0514,3,FRENTE PROGRESISTA AVELLANEDA - NG
3418,0514,3,UNION PROGRESISTA CHIVILCOY - JZ
3419,0514,3,CHIVILCOY FUTURO - MG
3447,0514,3,TRABAJO Y COMPROMISO POR DOLORES - MA
3391,0514,3,PROGRESISMO BS AS ENSENADA - NI
3439,0514,3,LISTA ROSA - NY
3420,0514,3,RENOVACION GRAL ARENALES - ND
3422,0514,3,UNION PROGRESISTA GRAL ARENALES - JL
3314,0514,3,27 - JJ
3315,0514,3,PROYECTO HERENSE - ML
0000,0346,3,""
3423,0514,3,ACUERDO PROGRESISTA GRAL PINTO - HE
3322,0514,3,ACUERDO CIVICO - MB
3328,0514,3,UNIDAD PROGRESISTA PARA EL CAMBIO - JW
0000,0350,3,""
0000,0372,3,""
3457,0514,3,RECUPEREMOS BAHIA - E
3458,0514,3,UNIR POR BAHIA - HW
3444,0514,3,BALCARCE SOÑADO - GD
3445,0514,3,FRENTE PROGRESISTA BALCARCE - GJ
3369,0514,3,UNION PROGRESISTA ARRECIFES - HR
3351,0514,3,FUTURO PARA MORENO - JS
3352,0514,3,UNION PROGRESISTA MORENO - W
0000,0380,3,""
0000,0338,3,""
3354,0514,3,FRENTE AMPLIO POR  MORON - G
3355,0514,3,PARTICIPACION E IGUALDAD - GO
0000,0336,3,""
0000,0341,3,""
3356,0514,3,UNIDOS POR SAN ISIDRO - JG
3424,0514,3,FRENTE PROGRESISTA GRAL VIAMONTE - JU
3425,0514,3,FRENTE PROGRESISTA VILLEGUENSE - HZ
3426,0514,3,UNION PROGRESISTA GRAL VILLEGAS - GA
3429,0514,3,MILITANCIA - GQ
3430,0514,3,ESPERANZA POR LINCOLN - NC
3431,0514,3,HONESTIDAD Y TRANSPARENCIA - JM
0000,0374,3,""
3400,0514,3,PROGRESISMO DE LOBOS - HD
0000,0343,3,""
0000,0375,3,""
3466,0514,3,UNION PROGRESISTA BENITO JUAREZ - GF
3427,0514,3,CONVOCATORIA POR JUNIN - MH
3428,0514,3,AHORA JUNIN - JE
3402,0513,3,UNION CON FE - 03 - A
3403,0513,3,UNION CON FE PAIS - B
3368,0514,3,EL PRESENTE DEL FUTURO - M
3397,0514,3,PROYECTO MATANZA - HD
3398,0514,3,UNIDAD - JF
3405,0514,3,CONTRACORRIENTE - NQ
3451,0514,3,RENOVACION POR MONTE - GR
0000,0355,3,""
3406,0514,3,UNIDOS POR EDUCACION Y TRABAJO - JN
3472,0514,3,UNIDAD - NB
0000,0344,3,""
3421,0513,3,UCF03EZE 02 - S
3358,0514,3,PROGRESISTAS 3 DE FEBRERO - MZ
3359,0514,3,U. PROGRESISTA 3 DE FEBRERO - NM
3360,0514,3,D I X TRES DE FEBRERO - NZ
3361,0514,3,EL ATENEO - MR
3362,0514,3,SOCIALISTA 3 DE FEBRERO - I
3385,0514,3,U. PROGRESISTA ZARATE - HX
0000,0363,3,""
0000,0335,3,""
3435,0514,3,UNION PROGRESISTA AMEGHINO - JD
3413,0514,3,UNIDAD PARA EL DESARROLLO LOCAL - MM
3432,0514,3,TODOS POR NUEVE DE JULIO - V
3440,0514,3,FRENTE AL FUTURO - GZ
3433,0514,3,UNION CIVICA PROGRESISTA PEHUAJO - HB
0000,0378,3,""
3381,0514,3,FRENTE POR SAN NICOLAS - JK
3382,0514,3,INTEGRACION FEDERAL - HI
3455,0514,3,PENSAR MEJOR LA COSTA - HU
3470,0514,3,MONTE HERMOSO UNIDO PROGRESISTA - Y
0000,0362,3,""
3442,0514,3,GESTION Y COMPROMISO 25 DE MAYO - GM
3443,0514,3,UNIDAD PROGRESISTA 25 DE MAYO - MI
0000,0368,3,""
0000,0379,3,""
3363,0514,3,1983 - L
3364,0514,3,CREER VICENTE LOPEZ - AI
3365,0514,3,LINEA MORADA - HC
3366,0514,3,VAMOS CON LUIS - MP
3383,0514,3,FRENTE DE TODOS - NW
3384,0514,3,EL CAMBIO ES HOY - HH
0000,0358,3,""
0000,0365,3,""
0000,0381,3,""
0000,0357,3,""
3411,0514,3,UNIDAD Y RENOVACION -GX
3412,0514,3,VECINOS SOLIDARIOS SANVICENTINOS - GN
3467,0514,3,CRECIMIENTO VACINAL - GY
0000,0353,3,""
3407,0514,3,ACUERDO PROGRESISTA DE QUILMES - N
3408,0514,3,FRENTE CIVICO POR QUILMES - MU
3409,0514,3,PROGRESISTAS DE QUILMES - GT
3410,0514,3,INTRANSIGENCIA Y RENOVACION - GE
3367,0514,3,INTEGRACION POR ITUZAINGO - MQ
3441,0514,3,ACUERDO CIVICO PROGRESISTA - MV
0000,0330,3,""
0000,0354,3,""
3357,0514,3,ACCION POR TIGRE - HQ
3456,0514,3,UNION PROGRESISTA LEZAMA - NE
0000,0377,3,""
3434,0514,3,UNIDAD TRENQUE LAUQUEN - HT
3454,0514,3,FRENTE POR TORDILLO - GB
0000,0359,3,""
3468,0514,3,ALTERNATIVA - NJ
3469,0514,3,UNION PROGRESISTA 3 ARROYOS - MW
3377,0514,3,PRIMERO RAMALLO - GH
0000,0366,3,""
3378,0514,3,ROJAS 2015 - JI
3379,0514,3,SIEMPRE - HS
0000,0342,3,""
3380,0514,3,FRENTE DE UNIDAD DE S. A. DE GILES - JR
0000,0332,3,""
3471,0514,3,MAS DEMOCRACIA VILLARINO - JH
3453,0514,3,PROGRESISTAS POR SAN CAYETANO - LD
0000,0367,3,""
0000,0187,4,""
0000,0501,4,""
0000,0502,4,""
0000,0503,4,""
0000,0505,4,""
0000,0506,4,""
0000,0014,4,""
0000,0519,4,""
0000,0003,4,""
0000,0068,4,""
0000,0545,4,""
0000,0546,4,""
0000,0023,4,""
0000,0040,4,""
0000,0153,4,""
0000,0166,4,""
0000,0532,4,""
0000,0533,4,""
0000,0534,4,""
0000,0155,4,""
0000,0203,4,""
0000,0535,4,""
0000,0061,4,""
0000,0324,4,""
0000,0514,4,""
0000,0540,4,""
0000,0541,4,""
0000,0002,4,""
0000,0158,4,""
0000,0174,4,""
0000,0199,4,""
0000,0544,4,""
0000,0000,4,""
0000,0507,4,""
0000,0510,4,""
0000,0513,4,""
0000,0508,4,""
0000,0509,4,""
0000,0047,4,""
0000,0191,4,""
0000,0217,4,""
0000,0512,4,""
0000,0516,4,""
0000,0517,4,""
0000,0038,4,""
0000,0152,4,""
0000,0157,4,""
0000,0208,4,""
0000,0522,4,""
0000,0523,4,""
0000,0524,4,""
0000,0022,4,""
0000,0184,4,""
0000,0190,4,""
0000,0525,4,""
0000,0526,4,""
0000,0504,4,""
0000,0548,4,""
0000,0549,4,""
0000,0527,4,""
0000,0528,4,""
0000,0050,4,""
0000,0529,4,""
0000,0531,4,""
0000,0054,4,""
0000,0060,4,""
0000,0200,4,""
0000,0216,4,""
0000,0156,4,""
0000,0168,4,""
0000,0537,4,""
0000,0150,4,""
0000,0538,4,""
0000,0180,4,""
0000,0539,4,""
0000,0547,4,""
0000,0064,4,""
0000,0181,4,""
0000,0186,4,""
0000,0542,4,""
0000,0543,4,""
0000,0069,4,""
0000,0201,4,""
0000,0564,4,""
0000,0565,4,""
0000,0563,4,""
0000,0566,4,""
0000,0008,4,""
0000,0159,4,""
0000,0160,4,""
0000,0161,4,""
0000,0162,4,""
0000,0063,4,""
0000,0234,4,""
0000,0262,4,""
0000,0551,4,""
0000,0552,4,""
0000,0553,4,""
0000,0554,4,""
0000,0555,4,""
0000,0556,4,""
0000,0557,4,""
0000,0558,4,""
0000,0559,4,""
0000,0560,4,""
0000,0561,4,""
0000,0511,4,""
0000,0179,4,""
0000,0182,4,""
0000,0218,4,""
0000,0518,4,""
0000,0567,4,""
0000,0568,4,""
0000,0569,4,""
0000,0401,4,""
0000,0402,4,""
0000,0403,4,""
0000,0404,4,""
0000,0405,4,""
0000,0406,4,""
0000,0407,4,""
0000,0408,4,""
0000,0409,4,""
0000,0410,4,""
0000,0411,4,""
0000,0412,4,""
0000,0413,4,""
0000,0414,4,""
0000,0415,4,""
0000,0416,4,""
0000,0417,4,""
0000,0418,4,""
0000,0419,4,""
0000,0420,4,""
0000,0421,4,""
0000,0422,4,""
0000,0423,4,""
0000,0424,4,""
0000,0425,4,""
0000,0426,4,""
0000,0427,4,""
0000,0428,4,""
0000,0429,4,""
0000,0430,4,""
0000,0431,4,""
0000,0432,4,""
0000,0433,4,""
0000,0434,4,""
0000,0163,4,""
0000,0349,4,""
0000,0350,4,""
0000,0372,4,""
0000,0347,4,""
0000,0360,4,""
0000,0352,4,""
0000,0340,4,""
0000,0351,4,""
0000,0369,4,""
0000,0370,4,""
0000,0364,4,""
0000,0361,4,""
0000,0346,4,""
0000,0331,4,""
0000,0333,4,""
0000,0343,4,""
0000,0375,4,""
0000,0348,4,""
0000,0374,4,""
0000,0355,4,""
0000,0356,4,""
0000,0358,4,""
0000,0365,4,""
0000,0381,4,""
0000,0353,4,""
0000,0366,4,""
0000,0342,4,""
0000,0367,4,""
0000,0336,4,""
0000,0341,4,""
0000,0378,4,""
0000,0357,4,""
0000,0330,4,""
0000,0377,4,""
0000,0359,4,""
0000,0362,4,""
0000,0368,4,""
0000,0332,4,""
0000,0363,4,""
0000,0335,4,""
0000,0344,4,""
3260,0302,5,LISTA A - LEALTAD
3011,0268,5,LISTA A UNIDAD Nº1
3007,0180,5,LISTA A UNIDAD
3013,0301,5,PARA LA LIBERACION
3015,0302,5,LISTA LEALTAD A
3100,0133,5,LISTA A 1
3219,0131,5,"NESTOR VIVE, SOMOS EL PROYECTO"
3257,0071,5,U UNIDAD
3018,0134,5,LISTA UNIDAD A
3129,0132,5,LISTA CREO A
3008,0132,5,LISTA IGUALDAD Y DECENCIA MS
3192,0138,5,A FRENTE RENOVADOR +A15
3166,0131,5,A LISTA CELESTE Y BLANCA K NESTOR KIRCHNER
0000,0000,5,""
3019,0038,5,LISTA A - UNIDAD
3188,0502,5,LISTA G - EL CAMINO DEL CAMBIO
3244,0502,5,LISTA F - REPUBLICA DE LIBRES E IGUALES
3256,0072,5,PROTAGONISMO Y PARTICIPACION
3262,0333,5,LISTA A - DIGNIDAD
3128,0506,5,LISTA A - CREO
3009,0506,5,LISTA MS - IGUALDAD Y DECENCIA
3268,0504,5,LISTA  - UNIDAD 2 U
3264,0504,5,LISTA 1A - RENOVAR Y FORTALECER EL FTE
3012,0298,5,LISTA A DIGNIDAD
3253,0013,5,LISTA A SoB
3186,0502,5,LISTA E - EL PODER DE LA UNION
3167,0501,5,LISTA A - CELESTE Y BLANCA K NESTOR KIRCHNER
3182,0135,5,LISTA G EL CAMINO DEL CAMBIO
3234,0136,5,LISTA A PROTAGONISMO Y PARTICIPACION
3014,0137,5,LISTA 1 A RENOVAR Y FORTALECER EL FRENTE
3243,0135,5,LISTA F REPUBLICA DE LIBRES E IGUALES
3258,0076,5,LISTA A - POR TU SALARIO
3193,0507,5,A FRENTE RENOVADOR +A15
3138,0138,5,A UNA OPCION SANTAFESINA
3064,0133,5,3 C VAMOS POR MAS
3248,0132,5,SALTA POR LA IGUALDAD L
3130,0135,5,1 A EL CAMINO DEL CAMBIO
3005,0501,5,17 DE OCTUBRE
3272,0506,5,UNIDAD A
3176,0507,5,EL CAMBIO JUSTO
3274,0529,5,LETRA P - UNIDOS POR EL CAMBIO
3165,0501,5,CELESTE Y BLANCA K NESTOR KIRCHNER
3170,0522,5,EL CAMINO DEL CAMBIO
3110,0165,5,LISTA 10 - AZUL Y BLANCA
3235,0169,5,PROYECTO AGRARIO Y SOCIAL (PAYS)
3623,0161,5,LISTA UNIDAD ROJO 1 A
3640,0060,5,LISTA COMPROMISO JUSTICIA Y DIGNIDAD
3646,0137,5,LISTA UNIDAD - 2 U
3642,0501,5,CELESTE Y BLANCA K-NESTOR KIRCHNER (A)
3643,0522,5,LISTA UNIDAD POR LA REPUBLICA LISTA A
3639,0038,5,LISTA TRICOLOR
3101,0133,5,1 A POR LOS JUBILADOS
3112,0133,5,2 B DESARROLLO AGRO-INDUSTRIAL
3033,0525,5,A - SANTA FE AVANZA
3217,0081,5,LISTA A MOVIMIENTO SOLIDARIO POPULAR
3073,0188,5,A - GENTE EN ACCION
3204,0522,5,JUNTOS PODEMOS M
3208,0522,5,CAMBIA SANTIAGO LETRA A
3255,0038,5,TRICOLOR
3136,0180,5,A - NUEVA DEMOCRACIA
3266,0040,5,UNIDAD PROGRESISTA
3199,0061,5,HACIA EL FRENTE DE IZQUIERDA Y DE LOS TRABAJADORES
3641,0177,5,LISTA 25 DE MAYO 1 A
3644,0136,5,PROTAGONISMO Y PARTICIPACION LISTA A
3326,0202,5,LISTA W - COLOR AZUL
3323,0076,5,LISTA A - TRABAJANDO PARA CONSTRUIR LA T.D.F.
3324,0154,5,LISTA A - LA PROVINCIA SOMOS TODOS
3645,0137,5,LISTA 1 A RENOVAR Y FORTALECER EL FRENTE
3191,0072,5,FRENTE POPULAR A
3280,0519,5,VERDE
3142,0519,5,ADELANTE CORRIENTES B
3242,0519,5,REPUBLICA DE LIBRES E IGUALES
3283,0050,5,50-ALTERNATIVA PROGRESISTA POPULAR
3284,0069,5,LISTA 69 A
3004,0190,5,FRENTE VERDE
3145,0060,5,AMARILLA Y NEGRA A
3006,0502,5,UNIDOS
3530,0501,5,CELESTE Y BLANCA K NESTOR KIRCHNER
3539,0531,5,LISTA A POR SIEMPRE CHUBUT
3536,0530,5,LISTA I ACTITUD
3531,0501,5,LISTA A MUCHOS POR CHUBUT
3189,0063,5,FRENTE COMPROMISO FEDERAL A
3230,0132,5,LETRA C COMPROMISO PROGRESISTA
3270,0038,5,UNIDAD TRICOLOR
3205,0135,5,JUNTOS POR EL CAMBIO
3177,0132,5,A-CORDOBA PROGRESISTA
3267,0132,5,UNIDAD PROGRESISTA A
3169,0063,5,COMPROMISO FEDERAL
3123,0030,5,A AHORA EL PUEBLO
3537,0074,5,LISTA A UNIDAD
3285,0068,5,LISTA 68 UNIDAD
3286,0502,5,A-UNION POR ENTRE RIOS
3282,0501,5,FRENTE JUSTICIALISTA PARA LA VICTORIA
3251,0132,5,SEMBRANDO SOCIALISMO S
3183,0135,5,EL NUEVO CAMINO
3246,0135,5,SALTA NOS UNE
3174,0527,5,CONDUCCION MENDOZA
3164,0501,5,LISTA K CELESTE Y BLANCA K
3238,0504,5,RENOVAR Y FORTALECER EL CAMBIO 1 A
3139,0514,5,A UNIDAD
3152,0514,5,B JUNTOS PODEMOS
3155,0514,5,C REPUBLICA DE LIBRES E IGUALES
3154,0003,5,LISTA 3C - LEGISLAR POR LA VIDA
3231,0050,5,LISTA 1 - PROGRESISTAS
3631,0071,5,LISTA UNIDAD - 2 U
3241,0070,5,RENOVAR Y FORTALECER EL FRENTE A
3178,0060,5,DIGNIDAD
3609,0068,5,IZQUIERDA TRICOLOR
3600,0501,5,LO MEJOR ESTA POR VENIR
3602,0518,5,UNION Y LIBERTAD
3607,0526,5,AHORA EL PUEBLO
3608,0526,5,PARTICIPACION
3604,0502,5,CELESTE RENOVACION
3603,0502,5,AMARILLA: EL EQUIPO DEL CAMBIO
3605,0502,5,RENOVACION Y FUTURO
3148,0060,5,LISTA  1 - AMARILLO Y NEGRO
3050,0038,5,LISTA 1 - MST
3271,0504,5,UNIDAD 2 U
3622,0050,5,LISTA B CARLOS GARCIA
3220,0003,5,LISTA 3NR - NUEVO RADICALISMO
3625,0523,5,"LISTA A AMARILLO, BLANCO Y ROJO"
3620,0038,5,LISTA A TRICOLOR
3553,0135,5,LISTA A EL CAMINO DEL CAMBIO
3621,0050,5,LISTA A ALFREDO BRAVO
3133,0003,5,LISTA 3A - POR MISIONES
3624,0501,5,LISTA A CELESTE Y BLANCA K NESTOR KIRCHNER
3247,0138,5,SALTA PARA TODOS O
3249,0138,5,SALTA TRABAJA I
3160,0063,5,LISTA 1
3151,0003,5,LISTA 3B - FUERZA Y FUTURO
3601,0518,5,EQUIPO CON FUTURO VERDE Y BLANCO
3150,0151,5,LISTA AZUL PRIMERO NEUQUEN A
3637,0151,5,CORRIENTE PROVINCIAL Y POPULAR B
3638,0151,5,MILITANCIA POPULAR NEUQUINA C
3636,0132,5,LISTA A
3635,0138,5,UNA NUEVA ARGENTINA FEDERAL (UNA FEDERAL)
3229,0131,5,PERONISMO PAMPEANO 1-A-2
3209,0131,5,K CELESTE Y BLANCA NESTOR KIRCHNER
3634,0135,5,LISTA FUTURO
3606,0153,5,UNIDAD BLANCA
3304,0501,5,LISTA A - FRENTE PARA LA VICTORIA RIOJANO
3301,0013,5,LISTA SoB A
3610,0061,5,HACIA EL FRENTE DE IZQ Y DE LOS TRAB
3168,0532,5,A - CELESTE Y BLANCA K NESTOR KIRCHNER
3327,0161,5,LISTA U - UNIDAD
3325,0187,5,LISTA A - COLOR ROJO
3181,0517,5,LISTA A - EL CAMINO DEL CAMBIO
3322,0072,5,LISTA U - PROTAGONISMO Y PARTICIPACION
3442,0754,5,UNION DEL PUEBLO LA PLATA
3400,0298,5,LISTA A TOBA
3403,0131,5,LISTA CELESTE Y BLANCA K 2
3404,0131,5,LISTA CELESTE Y BLANCA K 4
3406,0133,5,LISTA P
3416,0133,5,LISTA M
3407,0145,5,LISTA 1 A AMARILLO
3429,0145,5,LISTA 6 A B AMARILLO
3422,0145,5,LISTA 2 A A AMARILLO
3420,0138,5,LISTA B CORRIENTE RENOVADORA
3417,0138,5,LISTA C LINEA RENOVADORA
3418,0138,5,LISTA D MOVIMIENTO RENOVADOR
3433,0138,5,LISTA E FUERZA RENOVADORA
3443,0138,5,LINEA F UNION RENOVADORA
3158,0509,5,CAMBIEMOS SANTA CRUZ
3550,0040,5,LISTA CREO
3405,0131,5,LISTA CELESTE Y BLANCA K 6
3411,0145,5,LISTA 3 A ROJO
3414,0131,5,LISTA CELESTE Y BLANCA K 8
3102,0081,5,LISTA A - ACCION POPULAR
3558,0198,5,LISTA 1A
3300,0012,5,LISTA V - HASTA LA VICTORIA SIEMPRE
3552,0133,5,LISTA A.CELESTE UNIDAD
3172,0057,5,COMPROMISO VECINAL LISTA A
3554,0135,5,LISTA C
3175,0509,5,EL CAMBIO JUSTO
3647,0134,5,LISTA TRICOLOR
3633,0504,5,LISTA UNIDAD - 2 U
3223,0038,5,NUEVA IZQUIERDA
3173,0023,5,CON FE Y ESPERANZA
3533,0060,5,LISTA A JUSTICIA Y DIGNIDAD
3534,0038,5,LISTA TRICOLOR
3003,0189,5,CELESTE Y BLANCA
3287,0507,5,1 A COLOR ENTRERRIANO
3502,0524,5,LISTA A CATAMARCA PUEDE MAS Y MEJOR
3221,0520,5,NUEVA ALTERNATIVA PARA EL CAMBIO
3103,0503,5,LISTA A - 1
3259,0186,5,LISTA A - CAMINAMOS PREGUNTANDO
3500,0528,5,LISTA 501 A UNIDOS POR UNA NUEVA ALTERNATIVA
3505,0161,5,LISTA 1 A UNIDAD ROJO
3504,0038,5,UNIDAD-A
3153,0179,5,B UNAMOS JUJUY
3203,0208,5,JUJUY UNIDO
3137,0179,5,A UN NUEVO JUJUY
3245,0065,5,ROJO PUNZO A 1
3501,0521,5,LISTA 503 A 20 DE JUNIO
3305,0522,5,LISTA A - FUERZA CIVICA RIOJANA
3412,0131,5,LISTA 34
3423,0131,5,LISTA 36
3149,0138,5,AZUL A
3632,0071,5,LISTA UNIDAD - 2 U
3215,0510,5,LISTA MOVIMIENTO DE UNIDAD PERONISTA U
3180,0179,5,EL CAMINO DEL CAMBIO
3157,0135,5,CAMBIEMOS LA PAMPA
3206,0135,5,JUNTOS POR LA PAMPA
3302,0063,5,LISTA COMPROMISO FEDERAL A
3303,0068,5,LISTA UNIDAD A
3306,0504,5,LISTA UNIDAD - U
3532,0152,5,LISTA IGUALDAD Y DECENCIA
3001,0212,5,A
3265,0520,5,UNIDAD FORMOSEÑA
3538,0157,5,LISTA FEDERAL Y POPULAR ROJA
3503,0524,5,LISTA B UNIDAD Y CAMBIO
3126,0501,5,A CELESTE Y BLANCA K NESTOR KIRCHNER
3124,0071,5,A - LISTA UNIDAD 2 U
3066,0132,5,F - UNIDAD
3179,0138,5,EL CAMBIO JUSTO
3413,0145,5,LISTA 300 A ROJO
3447,0145,5,LISTA 301 A ROJO
3448,0145,5,LISTA 302 A ROJO
3437,0742,5,UNION POR MORON
3415,0132,5,LISTA SOCIALISMO Y PARTICIPACION SP
3445,0656,5,ACCION CIUDADANA
3444,0133,5,LISTA E
3419,0145,5,LISTA 4 A FUCSIA
3402,0131,5,LISTA CELESTE Y BLANCA K 10
3435,0769,5,LISTA 11 DE MAYO
3436,1806,5,LISTA 1 MARPLATENSE
3446,0748,5,LISTA 1
3421,0131,5,LISTA 38
3477,0132,5,AGRUPACION RENOVACION SAN ISIDRO R
3458,0705,5,PARA UN SAN ISIDRO MEJOR
3474,0777,5,SE PUEDE
3465,0782,5,LISTA 1
3441,0674,5,LISTA 1 TODOS POR JUNIN
3459,0600,5,UNION VECINALISTA DIGNIDAD PARA TODOS
3440,0672,5,LISTA UNICA
3439,0673,5,LISTA UNIDAD
3612,0518,5,LISTA A
3613,0821,5,AMARILLA: EL EQUIPO DEL CAMBIO
3611,0501,5,PODEMOS SAN JUAN
3350,0023,5,503 A UNIDOS POR UNA NUEVA ALTERNATIVA
3354,0502,5,LISTA 502 A UNION POR ENTRE RIOS
3506,0528,5,LISTA A
3569,0131,5,LISTA NESTOR KIRCHNER
3570,0131,5,LISTA OKTUBRE K
3574,0135,5,LISTA 402
3513,0069,5,GEN LISTA A
3508,0501,5,LISTA B
3540,0530,5,LISTA G FRACH
3541,0038,5,LISTA A PARTICIPACION PARA LA TRANSPARENCIA
3542,0152,5,LISTA MS IGUALDAD Y DECENCIA
3535,0530,5,LISTA A EL VERDADERO CAMBIO
3514,0161,5,PARTIDO OBRERO
3565,0131,5,LISTA MAS SAN LUIS
3564,0131,5,LISTA CONFLUENCIA NARANJA
3568,0131,5,LISTA OLA NARANJA
3562,0131,5,LISTA CANPO
3353,0501,5,2 FRENTE JUSTICIALISTA PARA LA VICTORIA
3352,0068,5,68 LISTA UNIDAD
3575,0647,5,LISTA A
3567,0131,5,LISTA CALEUCHE K
3561,0803,5,LISTA UNICA
3351,0050,5,50 ALTERNATIVA PROGRESISTA POPULAR
3510,0524,5,LISTA B
3509,0524,5,LISTA A
3511,0038,5,MST
3563,0131,5,LISTA C DESCAMISADOS SL
3566,0131,5,LISTA NUEVO ENCUENTRO
3571,0131,5,LISTA CELESTE Y BLANCA
3573,0135,5,LISTA 38
3560,0665,5,LISTA A
3556,0135,5,LISTA 30
3572,0135,5,LISTA 22
3512,0040,5,MOVIMIENTO LIBRES DEL SUR
3507,0501,5,LISTA A
3515,0203,5,INSTRUMENTO ELECTORAL
3555,0135,5,LISTA 9
3578,0135,5,LISTA 31
3577,0135,5,LISTA 12
3579,0135,5,LISTA 32
3559,0641,5,LISTA VECINALISTAS DE PIE
3576,0131,5,LISTA KOLINA
3401,0131,5,LISTA CELESTE Y BLANCA K 1
3582,0135,5,LISTA 97
3581,0131,5,LISTA UNIDOS POR AYACUCHO
3580,0131,5,LISTA CONCERTACION POPULAR
3583,0135,5,LISTA 201
3449,0799,5,UNIDOS POR NECOCHEA
3450,0155,5,LISTA PRIMERO PINAMAR
3451,0693,5,LISTA 1
3452,0734,5,LISTA A
3453,0737,5,BOEING 737
3454,0774,5,LISTA ACCION BLANCA 1
3424,0145,5,LISTA 301 A ROJO
3455,0145,5,RIVADAVIA PRIMERO
3156,0135,5,LISTA H CAMBIEMOS EL PAIS
3456,0703,5,ENCUENTRO A
3457,0792,5,JUNTOS PODEMOS
3408,0136,5,LISTA B AHORA EL PUEBLO
3409,0136,5,LISTA C CON TERNURA VENCEREMOS
3410,0794,5,VAMOS POR BERISSO
3225,0768,5,LISTA 1-SOMOS BRANDSEN
3426,0484,5,NUEVA ALTERNATIVA CARME�A
3427,0446,5,LISTA UNICA
3428,0739,5,LISTA UNICA
3431,0667,5,LISTA BLANCA
3432,0758,5,UNA NUEVA OPORTUNIDAD SUARENSE-UNOS
3438,0787,5,SOMOS RODRIGUEZ 03
3460,0789,5,ACUERDO CIUDADANO X TRENQUE LAUQUEN
3461,0194,5,LISTA DE ACCION COMUNAL
3115,0179,5,LISTA A
3471,0750,5,LISTA 1 A
3171,0509,5,EL CAMINO DEL CAMBIO
3279,0509,5,VAMOS POR SANTA CRUZ
3276,0509,5,UNION PARA EL CAMBIO
3463,0132,5,LISTA UNEN POR VILLARINO V
3462,0697,5,LISTA UNICA A
3464,0612,5,LISTA UNICA
3466,0670,5,LISTA UNIDAD
3214,0138,5,D MOVIMIENTO DE UNIDAD
3185,0135,5,LISTA E EL PODER DE LA UNION
3430,0664,5,COMPROMISO PRINGLES
3368,0501,5,402 SIGAMOS AVANZANDO
3355,0502,5,LISTA 502 C
3357,0502,5,LISTA 502 B
3369,0501,5,14 PARA VOLVER A CREER
3370,0501,5,20 JUANA AZURDUY
3557,0135,5,LISTA 77
3551,0131,5,MOVIMIENTO NACIONAL ALFONSINISTA
3516,0501,5,LISTA C
3517,0501,5,LISTA D
3518,0501,5,LISTA E
3522,0501,5,LISTA F
3358,0501,5,127 SE VIENE EL CAMBIO
3366,0023,5,LISTA 503C UNA ENTRE RIOS
3365,0023,5,LISTA 503B UNA ENTRE RIOS
3520,0528,5,LISTA B
3519,0524,5,LISTA C
3367,0501,5,75 VIENTOS DE CAMBIO
3523,0501,5,LISTA G
3356,0501,5,322 GESTION Y COMPROMISO DEPARTAMENTAL
3361,0502,5,LISTA 502 B
3362,0502,5,LISTA 502 C
3359,0501,5,9 COMPROMISO SOCIAL
3363,0502,5,LISTA 502 D
3373,0501,5,197 MOVIMIENTO DEPARTAMENTAL FEDERACION
3521,0528,5,LISTA C
3360,0501,5,915 GUALEGUAY PUEDE
3364,0501,5,269 DESARROLLO Y PRODUCCION
3371,0501,5,64 TODOS POR SCIOLI PRESIDENTE
3372,0502,5,LISTA 502 B RADICALES POR FELICIANO
3666,0501,5,237 - SAN SALVADOR NOS UNE
0000,0000,6,""
0000,0132,6,""
0000,0135,6,""
0000,0131,6,""
0000,0133,6,""
0000,0137,6,""
0000,0138,6,""
0000,0145,6,""
0000,0186,6,""
0000,0528,6,""
0000,0525,6,""
0000,0069,6,""
0000,0531,6,""
0000,0510,6,""
0000,0063,6,""
0000,1806,6,ALIANZA FRENTE MARPLATENSE
0000,0519,6,""
0000,0184,6,""
0000,0524,6,""
0000,0177,6,""
0000,0534,6,""
0000,0152,6,""
0000,0501,6,""
0000,0518,6,""
0000,0821,6,""
0000,0522,6,""
0000,0529,6,""
0000,0003,6,""
0000,0165,6,""
0000,0169,6,""
0000,0502,6,""
0000,0012,6,""
0000,0527,6,""
0000,0530,6,""
0000,0153,6,""
0000,0161,6,""
0000,0146,6,""
0000,0023,6,""
0000,0151,6,""
0000,0701,6,""
0000,0068,6,""
0000,0071,6,""
0000,0189,6,""
0000,0506,6,""
0000,0507,6,""
0000,0301,6,""
0000,0665,6,""
0000,0803,6,""
0000,0616,6,""
0000,0902,6,""
0000,0075,6,""
0000,0103,6,""
0000,0402,6,""
0000,0508,6,""
0000,0050,6,""
0000,0523,6,""
0000,0526,6,""
0000,0520,6,""
0000,0179,6,""
0000,0057,6,""
0000,0641,6,""
0000,0064,6,""
0000,0072,6,""
0000,0406,6,""
0000,0625,6,""
0000,0901,6,""
0000,0903,6,""
0000,0076,6,""
0000,0154,6,""
0000,0187,6,""
0000,0202,6,""
0000,0517,6,""
0000,0906,6,""
3097,0702,6,POR SIEMPRE SANTA CRUZ
3118,0702,6,SANTA CRUZ SOMOS TODOS
3121,0702,6,SIEMPRE SANTA CRUZ
0000,0038,6,""
0000,0647,6,""
0000,0533,6,""
0000,0907,6,""
0000,0900,6,""
0000,0905,6,""
3006,0701,6,ACEPTA EL DESAFIO
3023,0701,6,COMPROMISO POR SANTA CRUZ
3038,0701,6,EL CAMBIO JUSTO
3043,0701,6,EL CAMINO DEL CAMBIO
3051,0701,6,ENCUENTRO CIUDADANO POR SANTA CRUZ
3088,0701,6,MEJOR GESTION
3138,0701,6,UNION PARA EL CAMBIO
0000,0013,6,""
0000,0787,6,SOMOS RODRIGUEZ
0000,0192,6,""
0000,0251,6,""
0000,0136,6,ALIANZA FRENTE POPULAR
0000,0794,6,VAMOS
0000,0768,6,CAUSA POPULAR BRANDSEN
0000,0484,6,NUEVA ALTERNATIVA CARMEÑA
0000,0739,6,JUNTOS POR DORREGO
0000,0664,6,COMPROMISO PRINGLES
0000,0667,6,INTEGRACION VECINALISTA ROSALEÑA
0000,0758,6,UNA NUEVA OPORTUNIDAD SUARENSE-UNOS
0000,0672,6,UNION VECINAL DE ADOLFO GONZALES CHAVES
0000,0673,6,CONSTRUCCION SOCIAL PARTICIPATIVA
3077,0701,6,JUNTOS POR EL CAMBIO
0000,0705,6,CON VOCACION POR SAN ISIDRO
0000,0697,6,ACCION POR VILLARINO
0000,0612,6,NUEVO ZARATE
0000,0789,6,ACUERDO CIUDADANO X TRENQUE LAUQUEN
0000,0194,6,MOVIMIENTO VECINAL DEL PARTIDO DE TRES ARROYOS
0000,0155,6,MOVIMIENTO UNION DEL PARTIDO DE PINAMAR
0000,0734,6,VIENTOS DEL SUR-VISUR
0000,0737,6,PROPUESTA PINAMAR-PROPIN
0000,0774,6,VECINOS EN ACCION PINAMAR-VENAP
0000,0298,6,TODOS POR BUENOS AIRES
0000,0703,6,ENCUENTRO POR ROJAS
0000,0670,6,C.UNIDAD SOCIAL Y POL. 6 DE DICIEMBRE
0000,0792,6,UNION VECINAL SALLIQUELO
0000,0131,7,""
0000,0135,7,""
0000,0000,7,""
0000,0000,8,""
3165,0511,8,UN PAIS UNIDO HOY Y SIEMPRE
3354,0518,8,1A AMARILLO
3352,0527,8,POR TIERRA TECHO Y TRABAJO
3355,0546,8,CUMPLIR 2
3350,0574,8,CELESTE Y BLANCA U2
3351,0574,8,CELESTE Y BLANCA U4
3338,0511,8,NACE UN PAIS
3366,0546,8,CUMPLIR 4
3374,0546,8,LEALTAD Y DIGNIDAD 14
3292,0567,8,UNIDAD DE LA  IZQUIERDA
3365,0574,8,LISTA 31
3370,0809,8,UN PAIS PRESENTE CON FUTURO
3356,0810,8,AUTOCTONO
3357,0810,8,DIGNIDAD POPULAR
3358,0810,8,FRENTE UNION FEDERAL
3360,0810,8,POPULAR
3361,0810,8,RENOVACION FEDERAL
3362,0810,8,TRES BANDERAS
3376,0810,8,FRENTE DE UNIDAD NACIENTE
3277,0813,8,FRENTE SOCIALISTA Y POPULAR
3371,0813,8,IGUALDAD Y SOLIDARIDAD
3372,0813,8,SOCIALISMO BROWN
3373,0813,8,SOCIALISMO
3353,0814,8,CONVICCIONES
3369,0816,8,SOLIDARIDAD
3009,0008,8,CELESTE Y BLANCA
3335,0301,8,FUERZA DE LA GENTE
3161,0503,8,LISTA 1
3259,0552,8,PIONEROS
3260,0552,8,SOBERANIA
3261,0552,8,SOLIDARIDAD
3349,0561,8,LISTA A
3304,0574,8,CELESTE Y BLANCA U
3007,0008,8,ALTERNATIVA
3012,0008,8,FEDERALISMO PURO
3014,0008,8,ROJO PUNZO
3018,0022,8,NARANJA
3122,0259,8,INDEPENDENCIA
3124,0259,8,LIBERTAD
3128,0259,8,SEGURIDAD
3134,0268,8,UNIDAD 1
3135,0298,8,TOBA
3137,0309,8,COMPROMISO CIUDADANO
3173,0518,8,CAMBIANDO JUNTOS
3184,0526,8,CONVICCIONES
3226,0546,8,CUMPLIR
3256,0552,8,CONDUCCION
3257,0552,8,ESPERANZA
3258,0552,8,ORDEN  Y SEGURIDAD
3379,0546,8,LEALTAD Y DIGNIDAD 12
3409,0546,8,CUMPLIR 6
3381,0574,8,LISTA 33
3388,0574,8,LISTA 35
3136,0301,8,VAMOS
3185,0527,8,"MEMORIA, VERDAD Y JUSTICIA"
3119,0259,8,CON TOTAL SEGURIDAD
3120,0259,8,CREO EN SANTA FE
3121,0259,8,FRENTE DE LOS JUBILADOS
3123,0259,8,JUNTOS ES POSIBLE
3125,0259,8,MAS RENOVADOR
3126,0259,8,POR LA DECADA GANADA
3127,0259,8,PROYECTO JOVEN
3149,0502,8,CAMBIANDO JUNTOS
3160,0503,8,ROJA
3164,0510,8,RENOVANDO SANTA FE
3188,0530,8,CIUDADANOS EN RED
3189,0530,8,CON FE ES POSIBLE
3190,0530,8,SANTA FE PUEDE
3191,0530,8,EL PUEBLO VUELVE
3192,0530,8,FORZA SANTA FE
3193,0530,8,FRENTE IGUALDAD ANIMAL
3194,0530,8,LA HORA DEL PUEBLO
3195,0530,8,NI UNA -
3196,0530,8,NUEVA PROVINCIA
3197,0530,8,POR LOS POBRES
3198,0530,8,UNIDOS POR LA LIBERTAD
3199,0530,8,VAMOS POR MAS
3225,0546,8,COMPROMISO POR SANTA FE
3230,0546,8,NUEVO ESPACIO SANTAFESINO
3233,0546,8,UNIDAD CIUDADANA
3263,0554,8,ADELANTE
3264,0554,8,SUMEMOS POR SANTA FE
3276,0560,8,UNIDAD SOCIAL Y POPULAR
3315,0580,8,AHORA ESTAMOS
3316,0580,8,JUNTOS POR VOS
3317,0580,8,NUEVO AMANECER
3319,0580,8,UNIDOS POR LA FE
3011,0008,8,DIGNIDAD CIUDADANA
3013,0008,8,RECREO SOCIAL
3024,0033,8,UNION PARA RENOVAR SANTA FE
3035,0065,8,UNIDOS POR SANTA FE
3064,0171,8,DESARROLLO AGRO INDUSTRIAL
3065,0171,8,SANTA FE SEGURA
3069,0174,8,LA PATRIA SOMOS TODOS
3070,0174,8,MOVIMIENTO DE RENOVACION SANTAFESINA
3071,0174,8,MUJERES UNIDAS
3072,0174,8,PROTAGONISTAS
3073,0174,8,RED CIUDADANA SANTAFESINA
3074,0174,8,UNA SANTA FE RENOVADA
3088,0188,8,CIUDADANOS RESPONSABLES
3089,0188,8,COMPRENSION
3090,0188,8,ESPERANZA SANTAFESINA
3092,0188,8,FUERZA PARA EL CAMBIO
3093,0188,8,JUNTOS PARA GANAR
3094,0188,8,NUEVA DEMOCRACIA
3095,0188,8,SALUD COMUNITARIA
3096,0188,8,UN NUEVO TIEMPO
3449,0188,8,FRENTE DE UNIDAD NACIENTE
3102,0202,8,EL PODER DE LAS MUJERES
3107,0211,8,JUBILADOS
3108,0211,8,SANTA FE CAMINA
3109,0211,8,TODOS JUNTOS
3359,0810,8,LABORISTA
3375,0810,8,PRIMERA DAMA DEL PUEBLO
3377,0809,8,UN CAMBIO REAL
3363,0810,8,CONCERTACION FEDERAL UNITE
3378,0812,8,FUERZA COLECTIVA
3380,0817,8,LATINOAMERICANA
3413,0546,8,LEALTAD Y DIGNIDAD 18
3368,0815,8,UNIDAD
3408,0823,8,UV MAS CAMPANA
3337,0511,8,GENTE PROGRESISTA
3437,0574,8,LISTA 37
3440,0661,8,LTA.ENCUENTRO POR LA IGUALDAD
3441,0855,8,CONSTRUYENDO FUTURO
3438,0364,8,LISTA AM
3439,0364,8,NUEVA ACCION
3047,0079,8,UNIDAD FEDERAL
3330,0178,8,DRAGON
3084,0185,8,HONESTIDAD Y PARTICIPACION
3087,0187,8,QUE LOS PUEBLOS MANDEN
3132,0262,8,SEGURIDAD Y TRANSPARENCIA
3133,0262,8,SER
3138,0327,8,LEALTAD
3159,0503,8,A ROJA
3169,0515,8,1PAIS
3182,0525,8,LA DIGNIDAD - IP
3183,0525,8,POPULAR Y SOCIALISTAS
3200,0531,8,SUMA +
3307,0576,8,AHORA BUENOS AIRES
3308,0576,8,HONESTIDAD Y CORAJE
3309,0576,8,UNIDAD CIUDADANA
3318,0580,8,SIGAMOS CON EL CAMBIO
3367,0806,8,UNIDAD
3434,0852,8,BLANCA
3393,0574,8,CELESTE Y BLANCA U6
3411,0546,8,LEALTAD Y DIGNIDAD 16
3430,0546,8,CUMPLIR 8
3391,0518,8,3A ROJO
3332,0033,8,NACIONALISTA CONSTITUCIONAL
3100,0194,8,ROJA EN EL FRENTE DE IZQUIERDA
3111,0215,8,ABBA
3112,0216,8,TRABAJO Y DIGNIDAD
3218,0542,8,CAMBIEMOS JUNTOS
3219,0542,8,JUNTOS POR EL CAMBIO
3221,0544,8,CATAMARCA CIUDADANA
3340,0547,8,FRENTE JUSTICIALISTA PARA LA VICTORIA
3034,0061,8,HACIA EL FRENTE DE IZQUIERDA Y DE LOS TRABAJADORES
3068,0174,8,CRUZADA SANTIAGUEÑA
3217,0541,8,TODOS POR SANTIAGO
3273,0558,8,UN PAIS UNIDO HOY Y SIEMPRE
3396,0382,8,BLANCA
3397,0844,8,UNICA
3017,0022,8,NARANJA
3037,0069,8,MARGARITA
3101,0201,8,CORDOBA CAMBIA
3113,0217,8,VALORES EN ACCION
3115,0231,8,JUNTOS POR PAIS
3116,0231,8,NUEVO PAIS
3117,0231,8,POR UN NUEVO PAIS
3118,0231,8,POR UN PAIS MEJOR
3150,0502,8,PARA LA DEMOCRACIA SOCIAL
3220,0543,8,UNIDAD
3299,0570,8,COMPROMISO
3313,0578,8,MOVIMIENTO DE UNIDAD PERONISTA
3027,0038,8,UNIDAD
3063,0170,8,"COMPROMISO CIUDADANO, TRABAJO Y HONESTIDAD"
3079,0180,8,CELESTE Y BLANCA
3177,0521,8,CAMBIANDO JUNTOS
3202,0533,8,UNIDAD
3235,0548,8,MUP - AMARILLA
3236,0548,8,PERONISMO NACION - AZUL
3237,0548,8,CELESTE Y BLANCA
3238,0548,8,AGRUPACION POLITICA SINDICAL - GRIS
3239,0548,8,RENOVACION CON MASSA - LILA
3240,0548,8,UNIDAD CIUDADANA - MAGENTA
3241,0548,8,NARANJA
3242,0548,8,FEDERALISMO Y CRECIMIENTO - ROSA
3243,0548,8,EL PERONISMO VUELVE - VERDE
3384,0484,8,VAMOS POR MAS
3385,0518,8,2A AMARILLO
3395,0797,8,LISTA 1
3444,0758,8,AZUL
3443,0318,8,MOV.PARA LA VICTORIA
3435,0853,8,LISTA 8A
3431,0518,8,301A ROJO
3019,0023,8,BLANCA
3033,0050,8,LISTA UNICA
3099,0194,8,ROJA 1
3106,0211,8,DORADA
3110,0212,8,ESPERANZA
3163,0505,8,"CELESTE, BLANCA Y AZUL"
3201,0532,8,VAMOS JUNTOS
3043,0072,8,FRENTE SOLIDARIO Y POPULAR DE LOS TRABAJADORES
3046,0076,8,PENSANDO COMO VOS
3052,0083,8,CELESTE
3061,0167,8,ORGULLO FUEGUINO
3067,0174,8,ACCION POPULAR
3098,0194,8,1 ROJA
3104,0207,8,ALTERNATIVA PUEBLO FUEGUINO
3181,0524,8,HACIENDO LO QUE HAY QUE HACER
3216,0540,8,INTEGRACION Y PARTICIPACION
3281,0563,8,CELESTE Y BLANCA
3314,0579,8,CELESTE
3023,0033,8,UNIR MI JUJUY
3025,0038,8,IZQUIERDA AL FRENTE
3050,0082,8,COMPROMISO CON EL PUEBLO
3105,0210,8,POR LA UNIDAD CIUDADANA JUJUY
3222,0545,8,CAMBIANDO JUNTOS
3223,0546,8,AZUL HONESTIDAD
3224,0546,8,CELESTE Y BLANCO DE LOS TRABAJADORES
3227,0546,8,EL PERONISMO VUELVE
3228,0546,8,JUJUY AVANZA
3231,0546,8,POR JUJUY
3232,0546,8,SI POR LA IGUALDAD
3271,0558,8,RENOVACION
3272,0558,8,RENOVEMOS JUJUY
3274,0558,8,UNA JUJUY
3410,0820,8,FUNDADORA
3059,0159,8,AZUL
3158,0503,8,1 ROJA
3168,0514,8,CIUDADANOS POR LA VICTORIA
3172,0517,8,CAMBIA LA RIOJA
3244,0549,8,RIOJA FEDERAL
3020,0023,8,UNIDAD
3041,0071,8,1 ROJA
3042,0072,8,FRENTE POPULAR
3048,0082,8,AMARILLO Y NEGRO
3060,0165,8,PODEMOS
3083,0184,8,VERDE K
3203,0534,8,1PROVINCIA
3204,0535,8,CAMBIANDO JUNTOS
3275,0559,8,"ROJA, AZUL Y BLANCA"
3062,0168,8,CELESTE
3081,0182,8,SANJUANINO
3336,0186,8,UNIDAD
3166,0512,8,1 PROVINCIA
3178,0522,8,CAMBIANDO JUNTOS
3179,0522,8,RENOVACION
3267,0556,8,PARTICIPACION
3282,0564,8,SAN JUAN PRIMERO
3049,0082,8,CELESTE Y UNIDAD
3186,0528,8,VERDE
3268,0557,8,LIBRES
3269,0557,8,RENOVEMOS CORRIENTES
3270,0557,8,VAMOS PUEBLO CORRENTINO
3293,0568,8,CELESTE Y BLANCA
3294,0568,8,COMPROMISO CIUDADANO
3295,0568,8,CRECER JUNTOS
3296,0568,8,LA DOCTRINA
3297,0568,8,VOLVER A CREER
3300,0571,8,LA 51
3301,0571,8,LA 52
3028,0038,8,VAMOS POR UNA IZQUIERDA AL FRENTE
3036,0069,8,UN SAN LUIS
3038,0070,8,FRENTE DE IZQUIERDA
3170,0516,8,MOVIMIENTO RECUPERACION Y CAMBIO
3171,0516,8,UNIDAD Y CONSENSO POR SAN LUIS
3283,0565,8,EL CAMBIO CONTINUA
3054,0083,8,MEJOR ES HACER
3076,0176,8,1 PROVINCIA
3143,0501,8,SOMOS SANTA CRUZ
3147,0501,8,UNIDOS POR SANTA CRUZ
3162,0504,8,1 ROJA
3291,0567,8,UNIDAD
3311,0577,8,INTEGRACION CIUDADANA
3312,0577,8,JUNTOS POR UN CAMBIO
3022,0033,8,FEDERALISMO Y CIUDADANIA
3040,0071,8,FRENTE DE IZQUIERDA Y DE LOS TRABAJADORES
3053,0083,8,VERDE
3075,0175,8,CELESTE Y BLANCA
3078,0179,8,AZUL Y BLANCA
3152,0502,8,ENCUENTRO CIVICO
3208,0537,8,CORRIENTE PROVINCIAL KIRCHNERISTA
3209,0537,8,"HONESTIDAD, TRABAJO Y JUSTICIA SOCIAL"
3210,0537,8,LA DOS
3211,0537,8,LA MARIA EVA
3212,0537,8,SOCIALISTAS UNIDOS
3213,0537,8,TRES BANDERAS
3302,0572,8,UNIDAD
3305,0574,8,PROYECTO NACIONAL Y POPULAR - K
3398,0673,8,CON.SO.PA
3399,0845,8,UNICA
3400,0319,8,BLANCA RENACER VECINAL
3039,0071,8,FRENTE DE IZQUIERDA
3045,0074,8,FRENTE POPULAR
3058,0153,8,1RO DE MAYO
3139,0501,8,BLANCA Y CELESTE
3140,0501,8,FEDERACION PERONISTA
3141,0501,8,MOVIMIENTO JUSTICIA SOCIAL
3142,0501,8,PRIMERO CHUBUT
3145,0501,8,UNIDAD CIUDADANA ES NUESTRO
3146,0501,8,UNIDAD PERONISTA POR LA PRODUCCION Y EL TRABAJO
3174,0519,8,CAMBIANDO JUNTOS
3214,0538,8,POR SIEMPRE CHUBUT
3401,0819,8,CONSTRUCCION JUARENSE
3032,0050,8,ENCUENTRO SOCIAL
3085,0186,8,IZQUIERDA AL FRENTE
3148,0502,8,AYUDANOS A CAMBIAR
3155,0502,8,RENOVACION
3245,0550,8,CELESTE POR LOS TRABAJADORES
3246,0550,8,FUERZA NUEVA
3247,0550,8,JUSTICIA Y DIGNIDAD PERONISTA
3248,0550,8,LA PATRIA ES EL OTRO
3249,0550,8,LIBRES PENSADORES
3250,0550,8,"POR LA PRODUCCION, EL TRABAJO Y LA JUSTICIA SOCIAL"
3251,0550,8,SENTIMIENTO FEDERAL
3252,0550,8,SOMOS ENTRE RIOS
3253,0550,8,UNION CIUDADANA
3254,0550,8,VIVA PERON!! - VIVA ENTRE RIOS!!
3402,0813,8,JUSTICIA E IGUALDAD
3403,0827,8,JUNIN BICENTENARIO
3404,0847,8,POR UN NUEVO JUNIN
3234,0547,8,AZUL Y BLANCA
3333,0547,8,KIRCHNERISMO PARA TODOS
3334,0807,8,GEM CATAMARCA
3386,0518,8,4A FUCSIA
3387,0110,8,SIEMPRE JUNTOS
3006,0006,8,PROTECTORA
3044,0074,8,AHORA EL PUEBLO
3080,0181,8,LISTA UNIDAD
3114,0221,8,UNIDAD
3187,0529,8,AZUL Y BLANCA
3278,0562,8,CONSTRUYENDO
3279,0562,8,NUEVA CONDUCCION
3280,0562,8,UNIDAD CIUDADANA PARA TENER FUTURO
3448,0857,8,EQUIPO DE GOBIERNO
3055,0083,8,UNIDAD
3077,0178,8,PROPUESTA AUTONOMISTA
3129,0262,8,NUEVA DEMOCRACIA
3130,0262,8,ORDEN Y JUSTICIA
3131,0262,8,RENOVACION REPUBLICANA
3001,0002,8,AGRUPACION 4 DE JUNIO
3002,0002,8,CIUDADANOS EN ACCION
3003,0002,8,FRENTE PERONISTA BARRIAL
3004,0002,8,PERONISTAS DE LA PAMPA
3005,0002,8,"PERONISTAS SI, PERSEGUIDOS NO (PSPN)"
3016,0022,8,COHERENCIA
3097,0190,8,ROJA
3205,0536,8,CAMBIAR LA PAMPA
3206,0536,8,JUNTOS POR LA PAMPA
3207,0536,8,RENOVACION Y CAMBIO
3265,0555,8,ES EL MOMENTO
3266,0555,8,MAS PARA LA GENTE
3303,0573,8,UNIDAD
3151,0502,8,DIGNIDAD PARTIDARIA
3153,0502,8,EQUIPO DE GOBIERNO
3423,0546,8,AMARTE ARGENTINA 32
3414,0574,8,CELESTE Y BLANCA U8
3029,0040,8,LIBRES
3056,0151,8,LINEA VERDE MANZANA
3057,0151,8,PASION POR NEUQUEN
3086,0186,8,UNIDAD DE LA IZQUIERDA
3154,0502,8,POR VOS
3156,0502,8,VAMOS JUNTOS
3167,0513,8,UNA CIUDAD UNA PROVINCIA UN PAIS
3255,0551,8,A
3306,0575,8,CELESTE Y BLANCA
3436,0854,8,CREEMOS
3030,0047,8,"AGUA, TIERRA, ENERGIAS LIMPIAS - NO A LA PLANTA NUCLEAR"
3031,0050,8,ALFREDO BRAVO
3144,0501,8,UNIDAD CELESTE Y BLANCA
3180,0523,8,UNIDAD AMARILLA ROJA Y BLANCA
3290,0567,8,1 UNIDAD DE LA IZQUIERDA
3298,0569,8,VERDE ORGULLO RIONEGRINO
3026,0038,8,MST - NUEVA IZQUIERDA
3051,0082,8,UNIDAD FEDERAL
3103,0203,8,JUNTOS SALTA SOMOS TODOS
3157,0503,8,1 A
3175,0520,8,CAMBIEMOS JUNTOS
3176,0520,8,EVOLUCION CIUDADANA
3215,0539,8,UNIDAD CIUDADANA PARA  LA VICTORIA
3262,0553,8,FRENTE POPULAR PARA LA LIBERACION
3284,0566,8,COMPROMISO
3285,0566,8,CONSENSO Y LEALTAD PROVINCIAL
3286,0566,8,CONSTRUIMOS
3287,0566,8,DESARROLLO Y TRABAJO
3288,0566,8,HACIA UN FUTURO MEJOR
3289,0566,8,NUEVA EXPRESION JUSTICIALISTA
3345,0542,8,CAMBIEMOS JUNTOS - A1
3346,0542,8,CAMBIEMOS JUNTOS - A2
3341,0547,8,AZUL Y BLANCA - A1
3342,0547,8,AZUL Y BLANCA - A2
3343,0547,8,AZUL Y BLANCA - A3
3344,0547,8,AZUL Y BLANCA - A4
3347,0807,8,GEM CATAMARCA - A1
3348,0807,8,GEM CATAMARCA - A2
3066,0172,8,ESPACIO Y DESARROLLO
3082,0182,8,JUNTOS
3310,0577,8,EL CAMINO DEL CAMBIO
3412,0811,8,CON LA FUERZA DE LA GENTE
3415,0824,8,MOVES LUJAN
3416,0738,8,VECINOS POR MERCEDES
3417,0829,8,25 DE MAYO
3418,0813,8,SOCIALISMO MERLENSE
3419,0821,8,PROYECTO LOCAL MERLENSE
3091,0810,8,FRENTE DE UNIDAD NACIENTE
3420,0849,8,UNION DEL PUEBLO
3445,0836,8,VALORES
3383,0828,8,POR OLAVARRIA TODOS
3389,0840,8,VALORES PARA MI PAIS
3390,0843,8,NUEVO PERGAMINO
3422,0839,8,ACCION POR PILAR
3421,0850,8,PILAR QUERIDO
3446,0737,8,LISTA 1
3405,0792,8,PRIMERO VOS
3392,0751,8,AZUL
3424,0705,8,EL PODER DE LOS VECINOS
3432,0793,8,LA FUERZA DEL PUEBLO
3433,0842,8,VAMOS VECINOS
3447,0856,8,FUERZA VECINAL PARA EL CAMBIO SOCIAL
3406,0848,8,LTA.MTO.VEC.DEL PDO DE TRES ARROYOS
3425,0546,8,PURO PERONISMO 22
3442,0822,8,COMPROMISO VECINAL LA COSTA
3426,0750,8,VECINOS DIRIGENTES
3427,0760,8,COMPROMISO CIUDADANO
3407,0697,8,UNICA
3394,0612,8,NUEVO ZARATE
3428,0782,8,UNIDAD PACEÑA
3429,0851,8,COMPROMISO VECINAL
0000,0008,9,""
0000,0110,9,""
0000,0298,9,""
0000,0301,9,""
0000,0318,9,""
0000,0319,9,""
0000,0364,9,""
0000,0382,9,""
0000,0484,9,""
0000,0503,9,""
0000,0511,9,""
0000,0518,9,""
0000,0527,9,""
0000,0546,9,""
0000,0567,9,""
0000,0574,9,""
0000,0612,9,""
0000,0673,9,""
0000,0697,9,""
0000,0705,9,""
0000,0737,9,""
0000,0738,9,""
0000,0751,9,""
0000,0792,9,""
0000,0793,9,""
0000,0797,9,""
0000,0809,9,""
0000,0811,9,""
0000,0812,9,""
0000,0813,9,""
0000,0814,9,""
0000,0815,9,""
0000,0819,9,""
0000,0820,9,""
0000,0822,9,""
0000,0823,9,""
0000,0836,9,""
0000,0842,9,""
0000,0844,9,""
0000,0845,9,""
0000,0847,9,""
0000,0848,9,""
0000,0850,9,""
0000,0851,9,""
0000,0853,9,""
0000,0854,9,""
0000,0000,9,""
0000,0023,9,""
0000,0071,9,""
0000,0072,9,""
0000,0165,9,""
0000,0184,9,""
0000,0534,9,""
0000,0535,9,""
0000,0559,9,""
0000,0514,9,""
0000,0517,9,""
0000,0549,9,""
0000,0159,9,""
0000,0564,9,""
0000,0182,9,""
0000,0186,9,""
0000,0512,9,""
0000,0522,9,""
0000,0556,9,""
0000,0532,9,""
0000,0194,9,""
0000,0505,9,""
0000,0558,9,""
0000,0038,9,""
0000,0210,9,""
0000,0545,9,""
0000,0557,9,""
0000,0568,9,""
0000,0571,9,""
0000,0528,9,""
0000,0515,9,""
0000,0531,9,""
0000,0576,9,""
0000,0580,9,""
0000,0187,9,""
0000,0501,9,""
0000,0504,9,""
0000,0577,9,""
0000,0083,9,""
0000,0176,9,""
0000,0565,9,""
0000,0070,9,""
0000,0516,9,""
0000,0201,9,""
0000,0217,9,""
0000,0502,9,""
0000,0543,9,""
0000,0578,9,""
0000,0537,9,""
0000,0572,9,""
0000,0542,9,""
0000,0544,9,""
0000,0547,9,""
0000,0521,9,""
0000,0548,9,""
0000,0180,9,""
0000,0550,9,""
0000,0050,9,""
0000,0562,9,""
0000,0006,9,""
0000,0530,9,""
0000,0554,9,""
0000,0560,9,""
0000,0174,9,""
0000,0188,9,""
0000,0202,9,""
0000,0510,9,""
0000,0523,9,""
0000,0047,9,""
0000,0151,9,""
0000,0513,9,""
0000,0551,9,""
0000,0575,9,""
0000,0040,9,""
0000,0541,9,""
0000,0061,9,""
0000,0520,9,""
0000,0539,9,""
0000,0553,9,""
0000,0566,9,""
0000,0203,9,""
0000,0002,9,""
0000,0022,9,""
0000,0190,9,""
0000,0536,9,""
0000,0555,9,""
0000,0172,9,""
0000,0212,9,""
0000,0167,9,""
0000,0207,9,""
0000,0524,9,""
0000,0540,9,""
0000,0563,9,""
0000,0573,9,""
0000,0074,9,""
0000,0153,9,""
0000,0519,9,""
0000,0538,9,""
0000,0857,9,""
0000,0215,9,""
0000,0082,9,""
0000,0228,9,""
0000,0251,9,""
0000,0406,9,""
0000,0409,9,""
0000,0905,9,""
0000,0906,9,""
0000,0033,9,""
0000,0807,9,""
0000,0907,9,""
0000,0908,9,""
0000,0909,9,""
A,02-873,10,"TRABAJO, SALUD Y EDUCACION"
A,23-181,10,CELESTE Y BLANCA
B,23-501,10,LEALTAD A LOS PRINCIPIOS
B,23-504,10,ALTERNATIVA TUCUMAN
1A,23-503,10,UNIDAD
B,23-502,10,CAMBIA TUCUMAN
A,23-502,10,UNIDAD POR TUCUMAN
1,23-504,10,PROGRESO SOCIAL
F,23-501,10,CELESTE Y BLANCA
A,02-821,10,PROYECTO LOCAL MERLENSE
A,02-884,10,SOMOS VECINOS
A,02-888,10,LINEA ÚNICA
A,02-792,10,TODOS MEJOR
A,02-870,10,SOY VECINO
A,02-1912,10,CONVOCACIÓN CÍVICA PODER ELEGIR
B,03-503,10,LISTA B
C,03-503,10,LISTA C
D,03-503,10,LISTA D
E,03-503,10,LISTA E
A,03-210,10,LISTA A
"",14-501,11,""
"",14-502,11,""
"",24-501,11,""
"",69,11,""
"",24-503,11,""
"",01-503,11,""
"",18-501,11,""
"",18-503,11,""
"",18-504,11,""
"",14-503,11,""
"",24-203,11,""
"",24-502,11,""
"",24-187,11,""
"",06-156,11,""
"",06-501,11,""
"",06-503,11,""
"",06-504,11,""
"",12-501,11,""
"",12-502,11,""
"",82,11,""
"",11-502,11,""
"",11-501,11,""
"",11-503,11,""
"",01-187,11,""
"",13-502,11,""
"",13-501,11,""
"",13-503,11,""
"",13-222,11,""
"",07-152,11,""
"",07-503,11,""
A,01-502,10,CELESTE Y BLANCA
A,87,10,OLA CELESTE
A,01-187,10,QUE LOS PUEBLOS MANDEN
A,01-504,10,CONSENSO PARA EL FUTURO
A,5,10,CIUDAD CELESTE POR LA VIDA Y LA FAMILIA
1A,88,10,LIBERACION
A,01-262,10,CELESTE
A,13,10,UNIDAD DE LA IZQUIERDA
A,86,10,NUEVA CORRIENTE
A,02-207,10,NARANJA
A,137,10,CONSENSO PARA EL FUTURO
A,02-309,10,AZUL Y BLANCO
2,02-503,10,CELESTE Y BLANCA - 2
1A,02-816,10,POR LA VIDA
A,02-865,10,LEALTAD
A,133,10,UNIDAD
1A,02-276,10,UNIDAD DE LA IZQUIERDA
C,137,10,GENTE PROGRESISTA
D,137,10,HAY ALTERNATIVA
B,87,10,LISTA DIGNIDAD
A,131,10,CELESTE 2019 - Juan Gomez
A,36,10,VALORES Y EXPERIENCIA - José Romero
A,01-501,10,UNIDAD
A,02-314,10,CELESTE Y BLANCO
A,02-315,10,ESPERANZA
A,02-503,10,CELESTE Y BLANCA
1A,135,10,1A
"",07-504,11,""
"",07-151,11,""
"",07-501,11,""
"",20-501,11,""
"",20-176,11,""
"",20-503,11,""
"",02-884,11,""
"",20-502,11,""
"",19-503,11,""
"",19-502,11,""
"",19-501,11,""
A,02-1911,10,LINEA ÚNICA
A,01-503,10,JUNTOS SOMOS EL CAMBIO
A,01-343,10,MISION CELESTE
A,135,10,JUNTOS SOMOS EL CAMBIO - Mauricio Macri
A,132,10,CELESTE - Alejandro Biondini
A,136,10,CELESTE Y BLANCA - Alberto Fernández
A,57,10,COMPROMISO VECINAL - Raúl Albarracin
A,02-312,10,CELESTE
8,02-503,10,CELESTE Y BLANCA - 8
6,02-503,10,CELESTE Y BLANCA - 6
A,79,10,SOMOS RENOVADORES
12,02-503,10,CELESTE Y BLANCA - 12
4,02-503,10,CELESTE Y BLANCA - 4
A,02-885,10,ALMA
4A,135,10,4A - FUCCIA
3A,135,10,3A - ROJO
10,02-503,10,CELESTE Y BLANCA - 10
A,02-826,10,CELESTE UNIDAD
2B,02-816,10,LIBERACION NACIONAL
3C,02-816,10,ACCIÓN VECINAL
14,02-503,10,CELESTE Y BLANCA - 14
B,01-502,10,CORAZON MILITANTE
"","",10,""
B,04-501,10,LIBERTARIOS
A,04-503,10,PRIMERO CORDOBA
A,04-502,10,JUNTOS POR CORDOBA
C,02-1911,10,ALTERNATIVA
A,02-767,10,GENTE DE BROWN
B,137,10,GENTE PROGRESISTA
A,02-756,10,ALTERNATIVA
2A,135,10,2A - AMARILLO
A,02-244,10,LEALTAD
B,02-1911,10,ALTERNATIVA
A,02-866,10,UNICA
A,02-585,10,MOVIMIENTO CIUDADANO
A,02-809,10,LISTA UNICA
A,02-364,10,ACCION MARPLATENSE
A,02-752,10,HACIENDO JUNTOS
A,02-828,10,POR OLAVARRIA TODOS
A,02-862,10,AZUL
A,02-867,10,CON TODOS
A,02-833,10,ALTERNATIVA VECINAL
A,02-874,10,JUNTOS POR PILAR
A,02-868,10,PRIMERO LOBOS
A,02-858,10,LISTA UNICA
D,01-502,10,BLOQUE PERONISTA
A,02-697,10,LISTA UNICA
A,02-852,10,TODOS POR VILLARINO
C,01-502,10,BLOQUE UNIDAD CIUDADANA
A,04-506,10,CONSENSO PARA EL FUTURO
A,04-217,10,VALORES EN ACCION
A,04-504,10,UNIDAD
A,23,10,AZUL Y AMARILLO
C,04-502,10,BLANCA Y ROJA
A,02-886,10,ITUZAINGO POSITIVO
A,02-808,10,SIEMPRE ITUZAINGO
A,03-501,10,LISTA A
A,03-198,10,LISTA A
A,03-505,10,UNIDAD
A,03-504,10,LISTA A
A,03-506,10,LISTA A
A,03-183,10,LISTA A
A,03-69,10,LISTA A
A,03-503,10,LISTA A
A,02-850,10,TODOS SOMOS GUERNICA - LINEA 392
A,03-218,10,LISTA A
A,02-877,10,CELESTE Y BLANCA - LINEA 22
A,04-501,10,DEMOCRATA LIBERAL
B,04-502,10,SOMOS CONSENSO Y RENOVACION
A,04-505,10,DE TODOS
A,15-501,10,JUNTOS SOMOS EL CAMBIO
A,05-503,10,OTRO RUMBO
B,05-502,10,VAMOS JUNTOS
C,05-502,10,DEFENSORES DEL CAMBIO
A,15-503,10,CELESTE Y BLANCA
B,15-151,10,UNIDOS SI PODEMOS
A,15-504,10,CONSENSO PARA EL FUTURO
A,07-152,10,CONSENSO PARA EL FUTURO
B,17-501,10,"CON TODOS, SINCERAMENTE"
B,17-503,10,JUNTOS POR SALTA
K,17-501,10,TENEMOS FUTURO
A,17-504,10,UNIDAD
A,07-151,10,SUMEMOS
A,07-501,10,CELESTE Y BLANCA
B,05-503,10,SOMOS LA ALTERNATIVA
D,05-501,10,TODOS SOMOS PARTE
A,05-502,10,VERDE
A,17-502,10,CONSENSO POR SALTA
I,17-503,10,UN CAMBIO PARA SALTA
A,19,10,FRENTE NOS
A,05-216,10,VIDA FAMILIA VALORES
B,05-501,10,CELESTE Y BLANCA
A,05-501,10,PERONISMO ORTODOXO
A,17-503,10,JUNTOS SOMOS EL CAMBIO
A,17-501,10,CELESTE Y BLANCA
A,09-501,10,CELESTE Y BLANCA
A,38,10,UNIDAD
B,09-503,10,JUNTOS SOMOS EL CAMBIO
A,09-503,10,JUNTOS POR LA INTEGRACION Y EL DESARROLLO
C,09-503,10,VAMOS JUNTOS
A,69,10,SOBERANIA FUEGUINA
A,09-502,10,CONSENSO PARA EL FUTURO
A,02-440,10,LISTA UNICA
A,13-502,10,CELESTE Y BLANCA
C,05-501,10,VAMOS TODOS
B,07-502,10,LA MILITANCIA AL FRENTE
A,07-503,10,PROYECTO CHUBUT
B,07-503,10,JUNTOS SOMOS EL CAMBIO CHUBUT
A,07-504,10,UNIDAD
A,06-180,10,VERDE
R,06-501,10,17 DE OCTUBRE
B,06-503,10,SUMAMOS
A,71,10,UNIDAD
A,06-503,10,UNIDAD
A,06-504,10,CONSENSO PARA EL FUTURO
A,33,10,VALORES FAMILIA Y VIDA
A,06-502,10,UNIDOS
I,06-501,10,SIGLO XXI
A,06-179,10,CELESTE Y BLANCA
A,11-502,10,RENOVACION Y CAMBIO
A,11-501,10,CELESTE Y BLANCA
A,11-503,10,UNIDAD
A,12-502,10,HÉCTOR OLIVARES
A,82,10,ES POSIBLE
A,12-501,10,UNIDAD
A,12-503,10,CELESTE Y BLANCA
F,06-501,10,SINCERAMENTE PERONISTA
A,06-156,10,CELESTE
P,06-501,10,FRENTE PATRIOTICO
O,06-501,10,CELESTE Y BLANCA
A,15-151,10,DEFENDAMOS NEUQUEN
A,15-502,10,UNIDAD
A,13-503,10,MEJOR PARA MENDOZA
A,13-222,10,CONSENSO PARA EL FUTURO
A,13-501,10,UNIDAD
A,07-502,10,POR SIEMPRE CHUBUT
B,10-501,10,ARRIBA JUJUY
"","",11,""
B,10-502,10,CAMBIA JUJUY
A,10-504,10,UNIDAD
F,10-501,10,CELESTE Y BLANCO DE LOS TRABAJADORES
B,50,10,CONSENSO FEDERAL B
C,08-502,10,JUNTOS SOMOS EL CAMBIO
A,68,10,UNIDAD A
A,08-501,10,CELESTE Y BLANCA
A,50,10,CONSENSO FEDERAL A
B,08-502,10,DEFENSORES DEL CAMBIO
A2,03-506,10,LISTA A2
A1,03-506,10,LISTA A1
E,10-501,10,PARA VOLVER A TENER FUTURO
B,10-503,10,CELESTE Y BLANCA
A,08-502,10,FUTURO ENTRERRIANO
A,16-503,10,UNIDAD
A,16-502,10,CELESTE Y BLANCA
A,16-501,10,JUNTOS SOMOS EL CAMBIO
A,16-169,10,SIGAMOS CRECIENDO
C,14-503,10,JUNTOS
C,18-504,10,CONCERTACION
A,18-502,10,UNIDAD
A,18-177,10,INNOVACION
B,18-503,10,CON VOS
A,14-502,10,CELESTE Y BLANCA
B,14-503,10,JUNTOS POR MISIONES
A,18-168,10,AL CONGRESO CON DIGNIDAD
C,18-503,10,DEFENSORES DEL CAMBIO
B,18-504,10,BLANCA UNIDAD
A,14-501,10,"ROJA, AZUL Y BLANCA"
A,14-503,10,JUNTOS SOMOS EL CAMBIO
A,18-501,10,CELESTE Y BLANCA
A,02-856,10,VOTA EN POSITIVO
2B,21-501,10,MALVINAS ARGENTINAS
K,21-505,10,CELESTE Y BLANCA
A,21-506,10,APOSTEMOS POR LA VIDA
1A,21-177,10,DESARROLLO AGROINDUSTRIAL
10J,21-501,10,SALVEMOS DOS VIDAS
4D,21-501,10,PAZ Y TRABAJO
5E,21-501,10,POR LOS ANIMALES
E,36,10,NARANJA CREER PARA CRECER
C,36,10,ROJO UNIDOS POR LA FE Y LA VIDA
9I,21-501,10,PROGRESO Y BIENESTAR
A,21-504,10,JUNTOS SOMOS EL CAMBIO
B,36,10,AZUL ACCION SANTAFESINA
1A,21-501,10,SIEMPRE CELESTES
B,21-504,10,VAMOS TODOS
A,21-502,10,ADELANTE
6F,21-501,10,FRENTE EMANCIPADOR
A,21-503,10,UNIDAD
D,36,10,AMARILLO VALORES PARA ARGENTINA
A,21-199,10,SOY PRO VIDA
7G,21-501,10,SANTA FE CON VALORES
8H,21-501,10,POR LA VIDA
E,65,10,UNIDOS X SANTA FE
3C,21-501,10,NOS POR LA FAMILIA Y LA VIDA
A,22-178,10,UNIDOS POR EL FUTURO
B,22-503,10,CAMBIA SANTIAGO
A,40,10,LIBRES
A,22-502,10,CELESTE Y BLANCA
A,22-501,10,TODOS POR SANTIAGO
A,22-503,10,JUNTOS PODEMOS
212,137,10,212
A,19-503,10,UNIDAD
A,19-213,10,UNIDAD DE LA IZQUIERDA
B,19-501,10,UNIDAS Y UNIDOS
B,19-502,10,SOMOS POR LA VIDA
A,19-502,10,SAN LUIS UNIDO
D,20-503,10,NUESTRA SANTA CRUZ
C,20-502,10,NACE UNA ESPERANZA
B,20-503,10,CAMBIANDO JUNTOS SANTA CRUZ
E,20-503,10,PARA SALIR ADELANTE
D,20-502,10,SER SANTA CRUZ
B,20-502,10,ACUERDO SANTACRUCEÑO
C,20-503,10,JUNTOS POR VOS
A,20-501,10,UNIDAD
A,22-179,10,CELESTE
F,20-503,10,PROYECTO ALTERNATIVO
A,20-176,10,CONSENSO FEDERAL
A,02-737,10,TRABAJO Y TRANSPARENCIA
B,02-737,10,UNIDOS POR PINAMAR
A3,03-506,10,LISTA A3
A,02-194,10,ACCION COMUNAL
B,24-502,10,CANTERA POPULAR
C,24-502,10,TIERRA DEL FUEGO CAMBIA
A,24-502,10,JUNTOS SOMOS EL CAMBIO
A,24-203,10,UNIDAD
A,24-501,10,CELESTE Y BLANCA
A,24-503,10,SIGAMOS JUNTOS
A,24-187,10,UNIDAD
"",01-501,11,""
"",01-504,11,""
"",02-503,11,""
"",135,11,""
"",02-1911,11,""
"",131,11,""
"",133,11,""
"",87,11,""
"",136,11,""
"",137,11,""
"",01-502,11,""
"",21-504,11,""
"",21-505,11,""
"",21-502,11,""
"",21-503,11,""
"",10-503,11,""
"",10-501,11,""
"",10-502,11,""
"",10-504,11,""
"",04-502,11,""
"",04-217,11,""
"",04-506,11,""
"",04-503,11,""
"",04-504,11,""
"",04-505,11,""
"",17-504,11,""
"",17-501,11,""
"",19,11,""
"",17-502,11,""
"",17-503,11,""
"",05-503,11,""
"",05-216,11,""
"",05-502,11,""
"",05-501,11,""
"",23-504,11,""
"",23-502,11,""
"",23-501,11,""
"",23-503,11,""
"",23-181,11,""
"",02-1912,11,""
"",16-503,11,""
"",16-502,11,""
"",16-169,11,""
"",16-501,11,""
"",09-503,11,""
"",09-501,11,""
"",09-502,11,""
"",68,11,""
"",08-501,11,""
"",50,11,""
"",08-502,11,""
"",15-501,11,""
"",15-503,11,""
"",15-502,11,""
"",15-151,11,""
"",03-503,11,""
"",03-504,11,""
"",03-506,11,""
"",03-69,11,""
"",15-504,11,""
"",22-503,11,""
"",22-501,11,""
"",22-502,11,""
"",40,11,""
"",02-792,11,""
"",02-888,11,""
"",02-873,11,""
"",02-737,11,""
"",02-752,11,""
"",02-364,11,""
"",02-864,11,""
"",02-194,11,""
"",02-886,11,""
"",02-866,11,""
"",02-809,11,""
"",03-505,11,""
"",02-697,11,""
"",02-850,11,""
"",02-877,11,""
"",02-858,11,""
"",02-826,11,""
"",02-440,11,""
"",02-885,11,""
"",02-868,11,""
"",02-865,11,""
0001,0504,12,(R)EVOLUCIONEMOS LA IZQUIERDA
0001,0112,12,UNIDAD
0001,0506,12,A
0005,0506,12,DAR EL PASO
0005,0507,12,CELESTE Y BLANCA 2
0002,0508,12,HAY OTRO CAMINO
0001,0766,12,SOMOS RENOVADORES
0001,0864,12,CREER
0000,0000,12,""
0002,0008,12,CELESTE Y BLANCA
0003,0008,12,FEDERALISMO PURO
0001,0019,12,UNICA
0001,0255,12,PARA RENOVAR A LA IZQUIERDA
0001,0258,12,CORRIENTE DE PENSAMIENTO AUTENTICA
0001,0298,12,TODOS POR LA PROVINCIA
0002,0312,12,PRIMERO LA PATRIA
0002,0314,12,PRINCIPIOS Y VALORES
0002,0317,12,UNITE POR BUENOS AIRES
0002,0027,12,+ VALORES
0003,0106,12,NARANJA
0002,0503,12,LIBERTAD
0002,0504,12,UNIDAD DE LA IZQUIERDA
0002,0506,12,B
0001,0860,12,AMAR SOÑAR UNIR
0001,0275,12,VERDE Y SOCIAL
0001,0292,12,CONFEDERAL
0001,0315,12,ESPERANZA
0001,0319,12,UNIDOS
0001,0320,12,EN CONTRA DEL ABORTO
0001,0321,12,BLANCA
0001,0322,12,UNIDAD DE LOS TRABAJADORES
0001,0323,12,JUSTICIA Y DIGNIDAD
0001,0324,12,ESPERANZA
0001,0501,12,+ VALORES
0001,0502,12,NARANJA 1
0001,0505,12,AZUL
0002,0505,12,BLANCA
0006,0506,12,ES JUNTOS
0003,0507,12,CELESTE Y BLANCA
0001,0317,12,RENACER
0001,0085,12,RENOVACIÓN DEMÓCRATA
0001,0217,12,VALORES EN ACCIÓN
0001,0229,12,CÓRDOBA HUMANISTA
0001,0240,12,PARA RENOVAR A LA IZQUIERDA
0001,0242,12,POPULARES
0004,0503,12,SUMAR
0003,0503,12,PARA LA DEMOCRACIA SOCIAL
0001,0503,12,CAMBIANDO JUNTOS
0003,0504,12,(R)EVOLUCIONEMOS LA IZQUIERDA
0006,0023,12,VIVIENDA Y TRABAJO
0002,0023,12,FRATERNIDAD
0005,0023,12,SUMATE A + CÓRDOBA
0004,0023,12,REPUBLICANOS
0001,0023,12,ESENCIA P. SALUD
0003,0023,12,LA LISTA DEL PUEBLO
0001,0040,12,ESPACIO DE ACCIÓN COLECTIVA 40
0001,0075,12,FORJANDO CÓRDOBA
0001,0199,12,SANTA FE EN MI CORAZÓN
0001,0208,12,PARA RENOVAR A LA IZQUIERDA
0001,0210,12,VAMOS ADELANTE SANTA FE
0002,0501,12,PREPARADOS PARA SANTA FE
0002,0502,12,UNIDAD DE LA IZQUIERDA
0005,0503,12,VAMOS JUNTOS
0003,0506,12,VIDA Y FAMILIA
0001,0507,12,SOMOS SOBERANÍA
0001,0508,12,CELESTE Y BLANCA
0001,0087,12,SOMOS VIDA
0001,0180,12,SEGURIDAD Y TRABAJO
0003,0501,12,ESPACIO FELIPE GALLARDO
0001,0604,12,UNION SOCIAL LEALTAD POPULAR
0001,0156,12,ACCION CHAQUEÑA
0001,0179,12,CELESTE Y BLANCA
0001,0615,12,AMARILLA Y NEGRA
0001,0201,12,INTEGRACIÓN
0004,0501,12,FRENTE DE AGRUPACIONES PERONISTAS
0005,0501,12,FRENTE POLITICO SOCIAL SINDICAL CRISTINA PROYECTO NACIONAL
0001,0346,12,UNIDAD DE LOS TRABAJADORES
0001,0338,12,PARA RENOVAR A LA IZQUIERDA
0003,0502,12,VERDE
0001,0082,12,ACCION CORRENTINA
0001,0036,12,COLORADA
0001,0187,12,QUE LOS PUEBLOS MANDEN
0008,0506,12,R
0001,0895,12,UNICA
0007,0506,12,F
0006,0501,12,SIGLO 21 JUSTICIALISTA
0001,0618,12,SOI
0003,0508,12,OTRO CAMINO
0001,0008,12,FEDERALISMO PURO
0001,0079,12,UNO - UNA NUEVA OPCIÓN
0001,0088,12,FRENTE PATRIOTA
0001,0184,12,ACUERDO VERDE Y SOCIAL
0001,0347,12,PRINCIPIOS Y VALORES
0008,0501,12,SOCIALISTAS UNIDOS
0001,0071,12,FRENTE DE IZQUIERDA Y LOS TRABAJADORES
0001,0609,12,FE
0001,0807,12,PILAR QUERIDO
0006,0507,12,CELESTE Y BLANCA 4
0004,0508,12,POR EL PROGRESO SOCIAL
0007,0501,12,SINCERAMENTE PERONISTA
0009,0506,12,U
0004,0506,12,D
0001,0869,12,NARANJA Y VERDE
0001,0090,12,AMARILLA Y NEGRA
0001,0985,12,VERDE
0007,0507,12,CELESTE Y BLANCA 6
0001,0774,12,PINAMAR EN ACCION 1 GRIS
0001,0917,12,UNICA
0001,0888,12,UAM
0004,0507,12,CELESTE Y BLANCA 10
0001,0314,12,CELESTE Y BLANCO
0001,0038,12,(R)EVOLUCIONEMOS LA IZQUIERDA
0001,0086,12,HAY ALTERNATIVA
0002,0087,12,VOCES LIBERTARIAS SDE
0001,0211,12,UNIDAD
0001,0151,12,SUMATE ES AHORA
0001,0160,12,CHUBUT PRIMERO
0002,0050,12,PODEMOS ENTRE RÍOS
0001,0050,12,JUNTOS SOMOS MÁS
0001,0068,12,(R)EVOLUCIONEMOS LA IZQUIERDA
0001,0077,12,ROJA - ADELANTE ENTRE RÍOS
0001,0186,12,"AZUL - ENTRERRIANOS POR LA VIDA, EL TRABAJO Y LA LIBERTAD"
0001,0194,12,PARA RENOVAR A LA IZQUIERDA
0001,0041,12,REVOLUCIÓN ÉTICA
0001,0181,12,CELESTE Y BLANCA
0001,0197,12,UN FUTURO DIFERENTE
0001,0215,12,UNIDAD DE LOS TRABAJADORES
0001,0858,12,UNICA
0001,0792,12,CONSTRUYENDO FUTURO
0001,0887,12,AZUL
0001,0212,12,ESPERANZA
0001,0642,12,PARTICIPACION VECINAL
0001,0866,12,UNICA
0001,0027,12,ANTI CORRUPCIÓN
0001,0189,12,POR UNA POLITICA OBRERA
0001,0227,12,FELICIDAD PARA TODOS
0001,0234,12,PARA RENOVAR A LA IZQUIERDA
0001,0870,12,SOY VECINO
0001,2000,12,CORTEMOS CON EL ESTANCAMIENTO
0002,2000,12,REPENSANDO SI
0001,0200,12,PARA RENOVAR A LA IZQUIERDA
0004,0502,12,NUESTRA CAUSA
0005,0502,12,UNIDOS POR LA PAMPA
0001,0826,12,"MISION, ACCION COMPROMISO"
0002,0106,12,LA TENDENCIA
0001,0899,12,VECINALISMO NARANJA
0001,0177,12,PARA RENOVAR A LA IZQUIERDA
0001,0165,12,PARA RENOVAR A LA IZQUIERDA
0001,0312,12,ALTERNATIVA
0022,0502,12,VOLVER A CREER
0007,0503,12,REPÚBLICA YA !
0008,0082,12,GESTA MENDOCINA
0002,0082,12,COMPROMISO CON LA VERDAD
0003,0082,12,COMPROMISO LEAL
0004,0082,12,GESTA CAPITALINA
0001,0881,12,UB
0012,0502,12,CELESTE Y BLANCA A6
0013,0502,12,CELESTE Y BLANCA A7
0001,0219,12,UNICA
0006,0502,12,CELESTE Y BLANCA A2
0009,0502,12,CELESTE Y BLANCA A3
0014,0502,12,CELESTE Y BLANCA A8
0015,0502,12,CELESTE Y BLANCA A9
0010,0502,12,CELESTE Y BLANCA A4
0011,0502,12,CELESTE Y BLANCA A5
0008,0507,12,CELESTE Y BLANCA 8
0006,0503,12,CAMBIA CATAMARCA LISTA B1
0001,0919,12,AHORA SI
0008,0503,12,CAMBIA CATAMARCA LISTA B3
0007,0502,12,CELESTE Y BLANCA A2.1
0008,0502,12,CELESTE Y BLANCA A2.2
0001,0896,12,UNICA
0001,0406,12,UNICA
0001,0868,12,UNICA
0001,0898,12,ACCION VECINAL POR BRANDSEN
0005,0082,12,GESTA GODOYCRUCENCE
0003,0505,12,C
0002,0003,12,JUNTOS
0001,0003,12,CAMBIA SAN LUIS
0001,0069,12,LA LISTA DEL PUEBLO
0001,0209,12,SAN LUIS PRIMERO
0001,0484,12,MAS PASION
0001,0172,12,PARA RENOVAR A LA IZQUIERDA
0001,0182,12,UNIDOS
0001,0905,12,ACCION TANDILENSE VERDE
0001,0809,12,VERDE
0001,0089,12,FRENTE DE IZQUIERDA Y DE TRABAJADORES UNIDAD COLOR ROJA
0001,0154,12,MILITANCIA MOPOFISTA
0001,0167,12,BLANCA
0001,0214,12,PARA RENOVAR A LA IZQUIERDA
0009,0082,12,PUEBLOS ORIGINARIOS
0021,0502,12,VECINOS POR GUAYMALLÉN
0001,0872,12,PARTIDO VECINAL
0001,0831,12,CELESTE
0001,0903,12,UNIDAD
0001,0927,12,AZUL
0001,0907,12,ELEGIMOS E. ECHEVERRIA
0001,0900,12,ORIGINAL
0001,0704,12,LILA
0006,0082,12,GESTA LAVALLINA
0004,0504,12,MOVIMIENTO DEMOCRATA INDEPENDIENTE
0007,0082,12,GESTA MAIPUCINA
0001,0910,12,VIOLETA UNIDOS
0001,0922,12,RECUPERANDO LA COSTA
0001,0859,12,6 DE SEPTIEMBRE
0002,0507,12,CELESTE 36
0001,0106,12,CIUDAD HUMANA
0001,0364,12,ACCION MARPLATENSE
0001,0904,12,ENLACE
0001,0913,12,CRECIMIENTO ARGENTINO
0020,0502,12,UNIDOS LUJAN
0018,0502,12,"TIERRA, TECHO Y TRABAJO"
0019,0502,12,TODOS POR TUPUNGATO
0017,0502,12,SOMOS TUPUNGATO
0001,0697,12,UNICA
0016,0502,12,"SOMOS RIVADAVIA, YA ES HORA"
0001,0911,12,PERONENSES PRIMERO
0001,0894,12,ENCUENTRO VECINAL G. RODRIGUEZ
0004,0505,12,D
0001,0403,12,TRANSPARENCIA Y TRABAJO
0001,0419,12,UNICA
0001,0862,12,AZUL
0005,0504,12,RENOVACIÓN TOTAL
0001,0915,12,OTRA FORMA DE HACER POLITICA ES POSIBLE
0001,0956,12,UNICA
0001,0047,12,ACOMPAÑANOS
0003,0151,12,UNIDOS SÍ PODEMOS
0002,0151,12,CUIDEMOS NEUQUÉN CONSTRUYAMOS FUTURO
0001,0183,12,PARA RENOVAR A LA IZQUIERDA
0000,0502,13,""
0000,0505,13,""
0000,0138,13,""
0000,0014,13,""
0000,0088,13,""
0000,0012,13,""
0000,0211,13,""
0000,0000,13,""
0000,0002,13,""
0000,0010,13,""
0000,0503,13,""
0000,0501,13,""
0000,0086,13,""
0000,0087,13,""
0000,0040,13,""
0000,0082,13,""
0000,0506,13,""
0000,0507,13,""
0000,0504,13,""
0000,0508,13,""
0000,0027,13,""
0000,0020,13,""
0000,0227,13,""
0000,0189,13,""
0000,0864,13,""
0000,0187,13,""
0000,0181,13,""
0000,0895,13,""
0000,0869,13,""
0000,0008,13,""
0000,0314,13,""
0000,0201,13,""
0000,0071,13,""
0000,0610,13,""
0000,0156,13,""
0000,0609,13,""
0000,0897,13,""
0000,0112,13,""
0000,0917,13,""
0000,0774,13,""
0000,0209,13,""
0000,0003,13,""
0000,0151,13,""
0000,0160,13,""
0000,0182,13,""
0000,0172,13,""
0000,0317,13,""
0000,0858,13,""
0000,0792,13,""
0000,0077,13,""
0000,0186,13,""
0000,0068,13,""
0000,0194,13,""
0000,0050,13,""
0000,2000,13,""
0000,0887,13,""
0000,0866,13,""
0000,0642,13,""
0000,0167,13,""
0000,0089,13,""
0000,0154,13,""
0000,0212,13,""
0000,0214,13,""
0000,0905,13,""
0000,0826,13,""
0000,0919,13,""
0000,0200,13,""
0000,0896,13,""
0000,0898,13,""
0000,0900,13,""
0000,0704,13,""
0000,0484,13,""
0000,0106,13,""
0000,0184,13,""
0000,1500,13,""
0000,1494,13,""
0000,1496,13,""
0000,1495,13,""
0000,1487,13,""
0000,1503,13,""
0000,1492,13,""
0000,1499,13,""
0000,1486,13,""
0000,1482,13,""
0000,1498,13,""
0000,1497,13,""
0000,1493,13,""
0000,1481,13,""
0000,1484,13,""
0000,0809,13,""
0000,0258,13,""
0000,0831,13,""
0000,0903,13,""
0000,1501,13,""
0000,1488,13,""
0000,1480,13,""
0000,0927,13,""
0000,1491,13,""
0000,1490,13,""
0000,1489,13,""
0000,1483,13,""
0000,0322,13,""
0000,0922,13,""
0000,0910,13,""
0000,0697,13,""
0000,0911,13,""
0000,0859,13,""
0000,0312,13,""
0000,0913,13,""
0000,0364,13,""
0000,0915,13,""
0000,0219,13,""
0000,0440,13,""
0000,0406,13,""
0000,0419,13,""
0000,0403,13,""
0000,0217,13,""
0000,0023,13,""
0000,0321,13,""
0000,0030,13,""
0000,0035,13,""
0000,0080,13,""
0000,0015,13,""
0000,0025,13,""
0000,0060,13,""
0000,0065,13,""
0000,0868,13,""
0000,0070,13,""
0000,0055,13,""
0000,0045,13,""
0000,0090,13,""
0000,0888,13,""
0000,0041,13,""
0000,0047,13,""
0000,0860,13,""
0000,0165,13,""
3018,0020,14,A- APERTURA LIBERAL ARGENTINA
0000,0000,14,""
3019,0040,14,A- AZUL Y ROJO
3025,0057,14,A- COMPROMISO VECINAL
3016,0135,14,A- LIBERTAD POR SIEMPRE
3020,0092,14,A- UNIDAD OBRERA
3011,0137,14,"1A- TIERRA, TECHO  Y TRABAJO"
3005,0134,14,A- CELESTE Y BLANCA
3006,0134,14,B- JUSTA Y SOBERANA
3001,0133,14,A- HACEMOS
3009,0136,14,A- UNIR Y FORTALECER LA IZQUIERDA
3010,0136,14,B- UNIDAD DE LUCHADORES Y LA IZQUIERDA
3017,0013,14,A- IZQUIERDA ANTICAPITALISTA
3008,0132,14,B- LA FUERZA DEL CAMBIO
3007,0132,14,A- EL CAMBIO DE NUESTRAS VIDAS
3023,0094,14,B- PATRIA UNIDA
3022,0094,14,A- COALICION PAZ DEMOCRACIA SOBERANIA
3024,0094,14,C- TODEX
3002,0131,14,A- DEMOS
3003,0131,14,B- RECONQUISTA
3004,0131,14,C- ANTICORRUPCIÓN
3021,0095,14,A- PRIMERO LA PATRIA
3026,0090,14,A- DIGNIDAD
3027,0090,14,B- CONFEDERAL
3179,0005,14,HACEMOS X CABA
3142,0262,14,DEMOS
3164,0077,14,FE CON NOSOTROS
3271,0077,14,SIEMPRE CON FE
3309,0077,14,VAMOS CON FE
3172,0351,14,GOBERNAR ES CREAR TRABAJO
3017,0350,14,A- IZQUIERDA ANTICAPITALISTA
3175,0347,14,HACEMOS POR NUESTRA CIUDAD
3724,0343,14,TOLERANCIA
3263,0345,14,REPUBLICANOS
3111,0554,14,ALTERNATIVA PARA GANAR BUENOS AIRES
3012,0137,14,2B- TRANSFORMAR
3013,0137,14,3C- TRES BANDERAS
3014,0137,14,4D- GENTE DE TRABAJO
3015,0137,14,5E- LABORISTA
3165,0094,14,FRENTE JOVEN
3284,0298,14,TODOS POR LA PROVINCIA
3295,0319,14,UNIDOS
3311,0311,14,VALORES EN ACCION
3231,0323,14,P.A.S.E.
3011,0329,14,"1A- TIERRA, TECHO  Y TRABAJO"
3288,0268,14,UNICA
3135,0328,14,CONSTRUYENDO FUTURO
3137,0258,14,CORRIENTE DE PENSAMIENTO AUTENTICA
3167,0321,14,FRENTE LABORISTA
3195,0321,14,LA CLASE OBRERA
3216,0333,14,LIBERTARIOS
3017,0276,14,A- IZQUIERDA ANTICAPITALISTA
3289,0309,14,UNIDAD
3122,0506,14,CELESTE
3116,0191,14,AZUL UNICA
3612,0135,14,LIBERTAD POR SIEMPRE
3620,0298,14,TOBA
3020,0215,14,A- UNIDAD OBRERA
3325,0503,14,4 CELESTE Y BLANCA
3124,0182,14,CELESTE Y BLANCA
3807,0504,14,B- EL CAMBIO DE NUESTRAS VIDAS
3809,0504,14,C- LA FUERZA DEL CAMBIO
3328,0040,14,PRIMERO TUCUMAN
3010,0502,14,B- UNIDAD DE LUCHADORES Y LA IZQUIERDA
3009,0502,14,A- UNIR Y FORTALECER LA IZQUIERDA
3614,0276,14,IZQUIERDA ANTICAPITALISTA
3004,0318,14,C- ANTICORRUPCIÓN
3602,0132,14,FALTA MENOS PARA VIVIR SIN MIEDO
3603,0132,14,LA FUERZA DEL CAMBIO
3604,0134,14,CELESTE Y BLANCA - 2
3140,0220,14,DEFENDAMOS LA PROVINCIA
3610,0304,14,ACCION Y SOLIDARIDAD
3019,0185,14,A- AZUL Y ROJO
3251,0186,14,PRINCIPIOS Y VALORES
3185,0180,14,HACEMOS UNIDOS POR SAN JUAN
3119,0504,14,CAMBIA SAN JUAN
3008,0504,14,B- LA FUERZA DEL CAMBIO
3199,0501,14,LA LIBERTAD AVANZA
3313,0503,14,VAMOS SAN JUAN
3266,0503,14,SAN JUAN VUELVE
3118,0153,14,BLANCA UNIDAD
3807,0533,14,B- EL CAMBIO DE NUESTRAS VIDAS
3329,0167,14,PRIMERO TIERRA DEL FUEGO
3168,0213,14,FUEGUINOS
3808,0533,14,A- LA FUERZA DEL CAMBIO
3246,0218,14,POR LA JUSTICIA
3190,0218,14,INDEPENDENCIA
3279,0218,14,SOBERANIA
3237,0095,14,PATRIOTAS
3214,0212,14,LIBERTAD Y TRABAJO
3302,0068,14,UNION DE LUCHADORES Y LA IZQUIERDA
3249,0525,14,POR LOS VALORES
3321,0525,14,VOCES LIBERTARIAS SDE
3324,0094,14,JOVENES EN ACCION
3007,0504,14,A- EL CAMBIO DE NUESTRAS VIDAS
3270,0036,14,SANTIAGO AUTONOMISTA
3103,0036,14,9 DE JULIO
3235,0036,14,PATRIA GRANDE
3269,0036,14,SANTIAGO LO MERECE
3225,0088,14,MOVIMIENTO VIABLE
3153,0088,14,DESPIERTA SANTIAGO
3201,0065,14,A- LA LIBERTAD AVANZA
3285,0513,14,TODOS POR SANTIAGO
3147,0086,14,HAY ALTERNATIVA
3233,0519,14,PARTICIPACION Y SOLIDARIDAD
3254,0211,14,PRODUCCION Y JUSTICIA SOCIAL
3245,0211,14,POR LOS PRINCIPIOS SOCIALES
3138,0211,14,CREZCAMOS POR SANTA FE
3206,0211,14,LA NUEVA SANTA FE
3258,0211,14,RECUPERANDO NUESTRA CULTURA
3268,0211,14,SANTA FE PRIMERO
3294,0211,14,UNIDAD SANTAFESINA
3174,0036,14,FUTURO MEJOR
3113,0036,14,AUTONOMISTA EN MARCHA
3156,0036,14,DIGNIDAD ANIMAL
3261,0036,14,RENACER
3265,0088,14,REPUBLICANO POPULAR
3142,0088,14,DEMOS
3224,0088,14,MODERADO
3257,0523,14,RECREO SOCIAL
3320,0523,14,VECINOS CON RUMBO
3132,0198,14,CON LOS MISMOS NO
3326,0198,14,PRIMERO SANTA FE
3810,0094,14,A- PATRIA UNIDA
3234,0094,14,PATRIA Y FUTURO
3278,0512,14,SOBERANIA POPULAR
3228,0077,14,NUEVO HORIZONTE
3150,0178,14,DESARROLLO AGRO INDUSTRIAL
3267,0090,14,SANTA FE SEGURA
3248,0523,14,POR LOS VALORES
3141,0085,14,DEMOCRATAS POR LA LIBERTAD
3157,0501,14,DOGMA LIBERTARIO
3125,0526,14,CELESTE UNIDAD
3197,0177,14,L1
3110,0231,14,AHORA LIBERTAD
3808,0504,14,A- LA FUERZA DEL CAMBIO
3232,0504,14,PARA RENOVAR SALTA
3120,0504,14,CAMBIO RADICAL
3306,0503,14,UNION POR SALTA
3301,0503,14,UNION PARA LA VICTORIA
3307,0503,14,UNION POR LA FELICIDAD DE SALTA
3184,0036,14,HACEMOS UNIDOS POR SALTA
3247,0230,14,POR UNA SALTA INDEPENDIENTE
3283,0510,14,SUMAMOS FUERZAS EN SANTA CRUZ
3007,0510,14,A- EL CAMBIO DE NUESTRAS VIDAS
3108,0503,14,ACUERDO SANTACRUCEÑO
3134,0503,14,CONSTRUYAMOS JUNTOS
3187,0524,14,HACER SANTA CRUZ
3276,0518,14,SIGAMOS CRECIENDO
3331,0077,14,A- CON FE
3115,0503,14,AZUL CELESTE Y BLANCA UNIDAD
3230,0520,14,OJALA LA TIERRA
3218,0193,14,LISTA A
3227,0151,14,NEUQUEN PAIS
3300,0151,14,UNIDOS POR NEUQUEN
3133,0503,14,CONSENSO PERONISTA
3192,0132,14,JUNTOS POR LA PAMPA
3293,0503,14,UNIDAD RENOVADORA
3305,0503,14,UNION POR JUJUY
3005,0503,14,A- CELESTE Y BLANCA
3273,0508,14,A- SIGAMOS CAMBIANDO JUJUY
3008,0508,14,B- LA FUERZA DEL CAMBIO
3308,0508,14,C- UNIR AL CAMBIO
3211,0079,14,LIBERTAD JUJUY
3177,0505,14,HACEMOS POR JUJUY
3191,0210,14,JUJUY TIENE FUTURO CON PRINCIPIOS Y VALORES
3128,0503,14,"CELESTE, BLANCA Y AZUL"
3201,0501,14,A- LA LIBERTAD AVANZA
3239,0504,14,PODES CONFIAR ESTAMOS CON VOS
3223,0237,14,MILITANTES AMIGOS
3019,0208,14,A- AZUL Y ROJO
3152,0516,14,DESPIERTA CHUBUT
3286,0516,14,UN CAMINO REAL
3304,0503,14,UNION POR CHUBUT
3256,0503,14,RECONSTRUIR CHUBUT
3287,0501,14,UN CHUBUT MEJOR ES POSIBLE
3600,0502,14,UNIDAD DE LUCHADORES Y LA IZQUIERDA
3158,0069,14,EL AGUA VALE + QUE EL ORO
3264,0515,14,"A- ROJA, AZUL Y BLANCA"
3007,0514,14,A- EL CAMBIO DE NUESTRAS VIDAS
3008,0514,14,B- LA FUERZA DEL CAMBIO
3244,0184,14,P- POR LA GENTE
3212,0181,14,A- LIBERTAD VIVA
3290,0071,14,1A- ROJA UNIDAD DE LUCHADORES Y LA IZQUIERDA
3178,0023,14,P- HACEMOS UNIDOS
3204,0501,14,A- LA LIBERTAD MENDOZA
3221,0509,14,A- MENDOZA HACE
3183,0082,14,A- HACEMOS UNIDOS POR MENDOZA
3330,0068,14,1A- UNIDAD DE LUCHADORES Y DE LA IZQUIERDA
3109,0517,14,AHORA ENTRE RIOS
3220,0522,14,2A- MAS PARA ENTRE RIOS
3219,0503,14,LA MARIA EVA
3218,0501,14,LISTA A
3330,0071,14,1A- UNIDAD DE LUCHADORES Y DE LA IZQUIERDA
3160,0085,14,ENCUENTRO LIBERTARIO POR EL CHACO
3323,0201,14,INTEGRACION
3130,0504,14,CHACO CAMBIA
3218,0090,14,LISTA A
3102,0503,14,17 DE OCTUBRE
3205,0187,14,LA RIOJA AVANZA
3182,0005,14,HACEMOS UNIDOS POR LA RIOJA
3148,0188,14,DEMOS LIBERTAD
3316,0188,14,VIVA LA LIBERTAD
3171,0020,14,FUERZA LIBERAL
3124,0503,14,CELESTE Y BLANCA
3163,0505,14,FORO SOCIAL CRISTIANO
3176,0505,14,HACEMOS JUNTOS
3316,0501,14,VIVA LA LIBERTAD
3297,0223,14,UNIDAD Y COMPROMISO
3251,0221,14,PRINCIPIOS Y VALORES
3317,0511,14,VERDE
3162,0082,14,EVOLUCION Y PROGRESO
3292,0132,14,UNIDAD POR EL CAMBIO
3017,0238,14,A- IZQUIERDA ANTICAPITALISTA
3198,0239,14,LA INMENSA MINORIA
3166,0216,14,FRENTE FEDERAL CORDOBA
3136,0229,14,CORDOBA HUMANISTA
3202,0532,14,LA LIBERTAD PRIMERO
3242,0023,14,POPULARES CBA
3131,0023,14,CIUDADANOS
3243,0023,14,"POR CLUB, CAPILLA Y COLEGIO"
3253,0023,14,PRODUCCIÓN Y TRABAJO
3299,0023,14,UNIDOS POR LA GENTE
3295,0094,14,UNIDOS
3129,0094,14,CENTRO Y NORTE SUR UNIDOS
3226,0094,14,NUEVAS IDEAS
3121,0087,14,CAMPO POPULAR
3142,0087,14,DEMOS
3181,0505,14,HACEMOS UNIDOS POR CORDOBA
3809,0132,14,C- LA FUERZA DEL CAMBIO
3665,0507,14,B-LIBERTAD CATAMARCA
3726,0132,14,GANA CATAMARCA A
3725,0132,14,H
3728,0135,14,UNION EN DESA Y LIBERTAD
3727,0133,14,NVO ESPACIO DE OPINION
3664,0507,14,A-LIBERTARIOS
3729,0136,14,1A
3312,0317,14,VALORES Y SOLIDARIDAD
3170,0329,14,FUERZA FEDERAL
3107,0304,14,ACCION Y SOLIDARIDAD
3272,0304,14,SERVIR
3280,0304,14,SOLIDARIOS
3259,0321,14,REFUNDACION
3315,0321,14,VOLVER A LAS FUENTES
3609,0324,14,ESPERANZA
3617,0534,14,CELESTE
3621,0317,14,VALORES Y SOLIDARIDAD
3606,0311,14,VALORES EN ACCION
3611,0323,14,JUSTICIA Y DIGNIDAD
3425,0704,14,CONSENSO PRO SANTA CRUZ
3543,0704,14,SOMOS SANTA CRUZ
3352,0704,14,CAMBIANDO SANTA CRUZ
3350,0704,14,ENCUENTRO POR SANTA CRUZ
3541,0704,14,SOLUCIONES
3730,0703,14,FIT-U
3354,0701,14,JUNTOS PARA CAMBIAR SANTA CRUZ
3467,0701,14,JUNTOS PODEMOS
3448,0701,14,FUERZA CIUDADANA
3357,0013,14,MOVIMIENTO AL SOCIALISMO
3489,0702,14,NACE UNA ESPERANZA
3134,0702,14,CONSTRUYAMOS JUNTOS
3347,0702,14,UNIDOS POR SANTA CRUZ
3540,0704,14,SANTA CRUZ PUEDE
3353,0704,14,MILEI
3679,0504,14,JUNTOS POR EL CAMBIO LISTA - H
3676,0504,14,JUNTOS POR EL CAMBIO LISTA - A
3668,0503,14,UNION POR LA PATRIA LISTA A
3667,0501,14,LA LIBERTAD AVANZA LISTA A
3669,0503,14,UNION POR LA PATRIA LISTA A1
3670,0503,14,UNION POR LA PATRIA LISTA A2
3678,0504,14,JUNTOS X EL CAMBIO LISTA - A2
3677,0504,14,JUNTOS X EL CAMBIO LISTA - A1
3680,0544,14,FTE DE IZQ. Y DE TRAB. - UNIDAD LISTA B
3671,0503,14,UNION POR LA PATRIA LISTA A3
3687,0504,14,JUNTOS X EL CAMBIO LISTA - H2
3686,0504,14,JUNTOS X EL CAMBIO LISTA - H1
3715,0421,14,COMPROMISO CON VOS
3716,0531,14,CONSTRUIMOS FRAY MAMERTO ESQUIU
3702,0528,14,POR UNA CATAMARCA MEJOR
3695,0069,14,GEN LISTA A
3666,0041,14,LIBRES DEL SUR
3445,0701,14,JUNTOS POR SANTA CRUZ
3356,0701,14,EL CAMBIO VERDADERO
3028,0094,14,D- NUEVA DEMOCRACIA
3733,0642,14,PARTICIPACION VECINAL/AZUL Y BLANCO
3628,0134,14,CELESTE Y BLANCA - 6
3627,0134,14,CELESTE Y BLANCA - 4
3630,0921,14,AUTONOMISTA
3632,0132,14,EVOLUCION
3636,0132,14,HS
3629,0132,14,PR
3624,0132,14,1-UNIDAD
3662,2103,14,PRIMERO MAR DEL PLATA
3661,0936,14,CRECIENDO JUNTOS
3663,0132,14,F
3631,0134,14,CELESTE Y BLANCA - 1
3635,0134,14,CELESTE Y BLANCA 31
3646,0134,14,CELESTE Y BLANCA 32
3683,0951,14,LINEA 1
3658,0297,14,HACEMOS
3648,0095,14,AZUL Y BLANCO
3642,0134,14,CELESTE Y BLANCA - 8
3660,0915,14,OTRA FORMA DE HACER POLITICA ES POSIBLE
3651,0948,14,UNICA 1
3645,0132,14,CC
3288,0944,14,UNICA
3288,0962,14,UNICA
3681,0903,14,LISTA DE UNIDAD ROJO
3682,0927,14,LISTA AZUL
3659,0942,14,VERDE
3288,0894,14,UNICA
3652,0933,14,POR UN MERLO MEJOR
3647,0135,14,EN LIBERTAD
3288,0941,14,UNICA
3649,0949,14,VECINOS Y VECINAS DE NAVARRO
3654,0965,14,VIOLETA AHORA EPA
3651,0895,14,UNICA 1
3650,0869,14,ESPACIO VECINAL
3653,0947,14,FUTURO MARCOS PAZ
3657,0935,14,VECINOS EN ACCION
3656,0934,14,VECINOS PARA LOBOS
3655,0868,14,UNO
3634,0132,14,PBA
3639,0961,14,TRES DE FEBRERO EN ACCION
3288,0929,14,UNICA
3673,0503,14,UNION POR LA PATRIA LISTA A5
3672,0503,14,UNION POR LA PATRIA LISTA A4
3288,0697,14,UNICA
3697,0069,14,GEN LISTA A2
3696,0069,14,GEN LISTA A1
3723,0604,14,PARTICIPACION POPULAR
3288,0952,14,UNICA
3288,0858,14,UNICA
3637,0922,14,RECUPERANDO LA COSTA
3638,0970,14,TODO POR LA COSTA
3633,0911,14,CELESTE Y BLANCA ANIBAL CONDUCCION
3717,0537,14,PARTIDO DE INTEG. COMUNITARIA LISTA A
3721,0536,14,SAUJIL AVANZA
3644,0132,14,CON VOCACION POR EL CAMBIO SAN ISIDRO
3707,0419,14,MOV.INTEG SANTARROSEÑO LISTA A
3640,0194,14,2 COMPROMISO VECINAL
3641,0194,14,5 RENOVACION
3643,0956,14,PRIMERO SAN NICOLAS
3722,0465,14,UNIDOS POR LONDRES
3718,0537,14,PARTIDO DE INTEG. COMUNITARIA LISTA A1
3720,0537,14,PARTIDO DE INTEG. COMUNITARIA LISTA A3
3719,0537,14,PARTIDO DE INTEG. COMUNITARIA LISTA A2
3691,0503,14,UNION POR LA PATRIA LISTA A1-2
3713,0503,14,UNION POR LA PATRIA LISTA A1-4
3714,0503,14,UNION POR LA PATRIA LISTA A1-5
3692,0503,14,UNION POR LA PATRIA LISTA A1-3
3690,0503,14,UNION POR LA PATRIA LISTA A1-1
3688,0504,14,JUNTOS X EL CAMBIO LISTA - H3
3712,0535,14,PODEMOS SANTA ROSA LISTA F
3711,0535,14,PODEMOS SANTA ROSA LISTA D
3705,0503,14,UNION POR LA PATRIA LISTA A2-3
3703,0503,14,UNION POR LA PATRIA LISTA A2-1
3704,0503,14,UNION POR LA PATRIA LISTA A2-2
3706,0503,14,UNION POR LA PATRIA LISTA A2-4
3708,0419,14,MOV INTEG SANTARROSEÑO LISTA A1
3709,0419,14,MOV INTEG SANTARROSEÑO LISTA A2
3710,0419,14,MOV INTEG SANTARROSEÑO LISTA A3
3693,0503,14,UNION POR LA PATRIA LISTA A3-1
3694,0503,14,UNION POR LA PATRIA LISTA A3-2
3700,0069,14,GEN LISTA A5
3699,0069,14,GEN LISTA A4
3701,0069,14,GEN LISTA A6
3698,0069,14,GEN LISTA A3
3675,0503,14,UNION POR LA PATRIA LISTA A7
3684,0503,14,UNION POR LA PATRIA LISTA A8
3689,0504,14,JUNTOS POR EL CAMBIO LISTA - A3
3674,0503,14,UNION POR LA PATRIA LISTA A6
3685,0503,14,UNION POR LA PATRIA LISTA A9
